股票代码,股票名,行业分类,二级行业,买入日期,卖出日期,买入价格(前复权),卖出价格(前复权),涨幅
000790,华神科技,医药,中药生产,2026-04-01,2026-04-02,4.18,4.19,0.0024
002715,登云股份,汽车,汽车零部件Ⅱ,2026-04-01,2026-04-02,15.48,14.77,-0.0459
688132,邦彦技术,国防军工,其他军工Ⅱ,2026-03-23,2026-03-24,16.58,15.95,-0.038
920985,海泰新能,电气设备,电源设备,2026-03-02,2026-03-03,7.9,7.81,-0.0114
002072,凯瑞德,商贸零售,贸易Ⅱ,2026-02-12,2026-02-13,7.69,8.03,0.0442
920030,德众汽车,,,2025-12-25,2025-12-26,6.73,6.75,0.003
600791,京能置业,房地产,房地产开发和运营,2025-11-03,2025-11-04,5.13,5.22,0.0175
600448,华纺股份,纺织服装,纺织制造,2025-11-03,2025-11-04,3.57,3.6,0.0084
600303,曙光股份,汽车,商用车,2025-11-03,2025-11-04,3.83,3.87,0.0104
688296,和达科技,计算机,计算机软件,2025-11-03,2025-11-04,15.09,15.04,-0.0033
688058,宝兰德,计算机,计算机软件,2025-11-03,2025-11-04,31.69,33.65,0.0618
603578,三星新材,家电,照明电工及其他,2025-11-03,2025-11-04,13.39,13.36,-0.0022
688671,碧兴物联,机械,仪器仪表Ⅱ,2025-11-03,2025-11-04,22.8,22.96,0.007
688323,瑞华泰,基础化工,塑料及制品,2025-11-03,2025-11-04,14.33,14.32,-0.0007
002207,准油股份,石油石化,油服工程,2025-11-03,2025-11-04,8.17,8.24,0.0086
688216,气派科技,电子,半导体,2025-11-03,2025-11-04,24.08,24.67,0.0245
603488,展鹏科技,机械,工程机械Ⅱ,2025-11-03,2025-11-04,8.28,8.31,0.0036
603028,赛福天,机械,金属制品Ⅱ,2025-11-03,2025-11-04,8.24,8.28,0.0049
688272,富吉瑞,机械,仪器仪表Ⅱ,2025-11-03,2025-11-04,26.86,26.0,-0.032
603779,威龙股份,食品饮料,酒类,2025-11-03,2025-11-04,7.03,7.14,0.0156
688156,路德科技,电力及公用事业,环保及公用事业,2025-11-03,2025-11-04,19.88,19.95,0.0035
688189,南新制药,医药,化学制药,2025-11-03,2025-11-04,9.34,9.3,-0.0043
002883,中设股份,建筑,建筑设计及服务Ⅱ,2025-11-03,2025-11-04,11.7,11.74,0.0034
603879,永悦科技,基础化工,塑料及制品,2025-11-03,2025-11-04,6.2,6.17,-0.0048
600543,莫高股份,食品饮料,酒类,2025-11-03,2025-11-04,6.18,6.36,0.0291
600847,万里股份,电力设备及新能源,电源设备,2025-11-03,2025-11-04,12.62,12.64,0.0016
603880,南卫股份,医药,其他医药医疗,2025-11-03,2025-11-04,6.65,6.83,0.0271
605177,东亚药业,医药,化学制药,2025-11-03,2025-11-04,20.66,20.9,0.0116
603458,勘设股份,建筑,建筑设计及服务Ⅱ,2025-11-03,2025-11-04,8.7,8.61,-0.0103
000890,法尔胜,电力及公用事业,环保及公用事业,2025-11-03,2025-11-04,4.67,4.77,0.0214
688060,云涌科技,计算机,计算机设备,2025-11-03,2025-11-04,44.48,44.84,0.0081
600159,大龙地产,房地产,房地产开发和运营,2025-11-03,2025-11-04,3.11,3.16,0.0161
300614,百川畅银,电力及公用事业,环保及公用事业,2025-10-31,2025-11-03,14.17,14.45,0.0198
300675,建科院,建筑,建筑设计及服务Ⅱ,2025-10-31,2025-11-03,16.8,17.17,0.022
600202,哈空调,电力设备及新能源,电源设备,2025-10-31,2025-11-03,6.06,6.24,0.0297
603937,丽岛新材,有色金属,工业金属,2025-10-31,2025-11-03,12.55,12.84,0.0231
688118,普元信息,计算机,云服务,2025-10-31,2025-11-03,26.44,27.83,0.0526
002853,皮阿诺,轻工制造,家居,2025-10-31,2025-11-03,12.48,12.99,0.0409
300305,裕兴股份,基础化工,塑料及制品,2025-10-31,2025-11-03,6.3,6.41,0.0175
920642,通易航天,化工,橡胶,2025-10-31,2025-11-03,16.53,16.92,0.0236
300564,筑博设计,建筑,建筑设计及服务Ⅱ,2025-10-31,2025-11-03,16.3,16.4,0.0061
002795,永和智控,机械,通用设备,2025-10-31,2025-11-03,5.17,5.22,0.0097
300597,吉大通信,通信,通讯工程服务,2025-10-31,2025-11-03,9.12,9.14,0.0022
000632,三木集团,商贸零售,贸易Ⅱ,2025-10-31,2025-11-03,4.12,4.22,0.0243
002856,美芝股份,建筑,建筑装修Ⅱ,2025-10-31,2025-11-03,11.04,11.33,0.0263
920198,微创光电,,,2025-10-31,2025-11-03,10.98,11.09,0.01
688701,卓锦股份,电力及公用事业,环保及公用事业,2025-10-31,2025-11-03,9.1,9.1,0.0
920130,立方控股,计算机,计算机应用,2025-10-31,2025-11-03,26.03,27.7,0.0642
001366,播恩集团,农林牧渔,畜牧业,2025-10-31,2025-11-03,13.3,13.43,0.0098
300264,佳创视讯,通信,通信设备,2025-10-31,2025-11-03,5.67,5.86,0.0335
920092,汉鑫科技,计算机,计算机应用,2025-10-31,2025-11-03,37.35,37.8,0.012
002193,如意集团,纺织服装,纺织制造,2025-10-31,2025-11-03,5.4,5.63,0.0426
002702,海欣食品,食品饮料,食品,2025-10-31,2025-11-03,4.79,4.8,0.0021
688178,万德斯,电力及公用事业,环保及公用事业,2025-10-31,2025-11-03,26.5,26.81,0.0117
000663,永安林业,轻工制造,家居,2025-10-31,2025-11-03,7.16,7.39,0.0321
301515,港通医疗,医药,其他医药医疗,2025-10-31,2025-11-03,21.78,22.02,0.011
603356,华菱精工,机械,工程机械Ⅱ,2025-10-31,2025-11-03,15.3,15.47,0.0111
603139,康惠股份,医药,中药生产,2025-10-31,2025-11-03,22.2,22.38,0.0081
603709,中源家居,轻工制造,家居,2025-10-31,2025-11-03,15.16,15.37,0.0139
688450,光格科技,计算机,计算机设备,2025-10-31,2025-11-03,28.0,28.45,0.0161
301197,工大科雅,机械,专用机械,2025-10-31,2025-11-03,20.14,20.4,0.0129
000790,华神科技,医药,中药生产,2025-10-31,2025-11-03,3.87,3.99,0.031
300051,琏升科技,传媒,文化娱乐,2025-10-31,2025-11-03,6.53,6.8,0.0413
002084,海鸥住工,轻工制造,家居,2025-10-31,2025-11-03,3.93,3.94,0.0025
300780,德恩精工,机械,通用设备,2025-10-31,2025-11-03,18.0,18.11,0.0061
920300,辰光医疗,机械设备,专用设备,2025-10-31,2025-11-03,17.98,18.0,0.0011
300013,新宁物流,交通运输,物流,2025-10-31,2025-11-03,4.31,4.41,0.0232
300169,天晟新材,基础化工,其他化学制品Ⅱ,2025-10-31,2025-11-03,6.95,6.8,-0.0216
300665,飞鹿股份,基础化工,其他化学制品Ⅱ,2025-10-31,2025-11-03,9.16,9.45,0.0317
300460,ST惠伦,电子,半导体,2025-10-30,2025-10-31,9.58,9.54,-0.0042
300949,奥雅股份,建筑,建筑设计及服务Ⅱ,2025-10-30,2025-10-31,40.18,39.99,-0.0047
000692,惠天热电,电力及公用事业,环保及公用事业,2025-10-30,2025-10-31,3.8,3.73,-0.0184
301519,舜禹股份,电力及公用事业,环保及公用事业,2025-10-30,2025-10-31,14.26,14.27,0.0007
688485,九州一轨,机械,运输设备,2025-10-30,2025-10-31,16.9,16.07,-0.0491
000695,滨海能源,轻工制造,包装印刷,2025-10-30,2025-10-31,10.73,10.83,0.0093
920508,殷图网联,,,2025-10-30,2025-10-31,27.65,27.37,-0.0101
605122,四方新材,建材,结构材料,2025-10-30,2025-10-31,13.43,13.36,-0.0052
920145,恒合股份,机械设备,专用设备,2025-10-30,2025-10-31,28.24,27.86,-0.0135
301273,瑞晨环保,机械,专用机械,2025-10-30,2025-10-31,27.86,28.08,0.0079
920781,瑞奇智造,机械设备,金属制品,2025-10-30,2025-10-31,10.69,10.46,-0.0215
603729,龙韵股份,传媒,广告营销,2025-10-30,2025-10-31,17.04,16.6,-0.0258
688695,中创股份,计算机,计算机软件,2025-10-30,2025-10-31,30.13,31.1,0.0322
688229,博睿数据,计算机,计算机软件,2025-10-30,2025-10-31,57.05,56.71,-0.006
688638,誉辰智能,机械,专用机械,2025-10-30,2025-10-31,41.89,40.73,-0.0277
300106,西部牧业,农林牧渔,畜牧业,2025-10-30,2025-10-31,11.14,11.03,-0.0099
002634,棒杰股份,纺织服装,纺织制造,2025-10-30,2025-10-31,5.1,4.95,-0.0294
002910,庄园牧场,食品饮料,饮料,2025-10-30,2025-10-31,10.47,10.55,0.0076
688573,信宇人,机械,专用机械,2025-10-30,2025-10-31,26.09,25.76,-0.0126
300849,锦盛新材,轻工制造,包装印刷,2025-10-30,2025-10-31,14.63,14.44,-0.013
688217,睿昂基因,医药,生物医药Ⅱ,2025-10-30,2025-10-31,28.22,28.25,0.0011
920433,大唐药业,医药生物,中药,2025-10-30,2025-10-31,6.68,6.7,0.003
920427,华维设计,,,2025-10-30,2025-10-31,15.17,15.01,-0.0105
301105,鸿铭股份,机械,专用机械,2025-10-30,2025-10-31,46.74,46.88,0.003
920436,大地电气,汽车,汽车零部件,2025-10-30,2025-10-31,18.39,18.15,-0.0131
920090,同辉信息,计算机,计算机应用,2025-10-30,2025-10-31,7.35,7.44,0.0122
600706,曲江文旅,消费者服务,旅游及休闲,2025-10-30,2025-10-31,10.25,10.15,-0.0098
920765,美之高,,,2025-10-30,2025-10-31,28.0,27.82,-0.0064
688793,倍轻松,家电,小家电Ⅱ,2025-10-30,2025-10-31,29.25,28.55,-0.0239
300928,华安鑫创,汽车,汽车零部件Ⅱ,2025-10-30,2025-10-31,31.76,31.76,0.0
301218,华是科技,计算机,计算机软件,2025-10-30,2025-10-31,21.19,21.03,-0.0076
001278,一彬科技,汽车,汽车零部件Ⅱ,2025-10-30,2025-10-31,18.82,18.72,-0.0053
920266,生物谷,医药生物,中药,2025-10-30,2025-10-31,10.39,10.23,-0.0154
300536,农尚环境,建筑,建筑施工,2025-10-29,2025-10-30,8.95,8.83,-0.0134
300405,科隆股份,基础化工,化学原料,2025-10-29,2025-10-30,6.43,6.38,-0.0078
920030,德众汽车,,,2025-10-29,2025-10-30,7.31,7.57,0.0356
001373,翔腾新材,电子,光学光电,2025-10-29,2025-10-30,31.55,31.28,-0.0086
920564,天润科技,计算机,计算机应用,2025-10-29,2025-10-30,22.51,23.9,0.0618
300112,万讯自控,机械,仪器仪表Ⅱ,2025-10-29,2025-10-30,9.13,9.0,-0.0142
301198,喜悦智行,轻工制造,包装印刷,2025-10-29,2025-10-30,12.88,13.3,0.0326
002800,天顺股份,交通运输,物流,2025-10-29,2025-10-30,14.85,14.46,-0.0263
000702,正虹科技,农林牧渔,畜牧业,2025-10-29,2025-10-30,7.24,7.13,-0.0152
300966,共同药业,医药,化学制药,2025-10-29,2025-10-30,22.24,22.12,-0.0054
000995,皇台酒业,食品饮料,酒类,2025-10-29,2025-10-30,13.68,13.4,-0.0205
920471,美邦科技,公用事业,环保工程及服务,2025-10-29,2025-10-30,14.6,15.16,0.0384
920475,三友科技,机械设备,专用设备,2025-10-29,2025-10-30,18.5,19.5,0.0541
300417,南华仪器,机械,仪器仪表Ⅱ,2025-10-29,2025-10-30,13.77,13.49,-0.0203
920087,秋乐种业,农林牧渔,种植业,2025-10-29,2025-10-30,15.69,15.99,0.0191
300385,雪浪环境,电力及公用事业,环保及公用事业,2025-10-29,2025-10-30,5.47,5.4,-0.0128
688393,安必平,医药,其他医药医疗,2025-10-29,2025-10-30,25.71,24.6,-0.0432
920175,东方碳素,有色金属,金属非金属新材料,2025-10-29,2025-10-30,13.0,13.6,0.0462
002921,联诚精密,汽车,汽车零部件Ⅱ,2025-10-29,2025-10-30,15.98,15.75,-0.0144
300935,盈建科,计算机,计算机软件,2025-10-29,2025-10-30,28.87,28.87,0.0
688329,艾隆科技,计算机,计算机软件,2025-10-29,2025-10-30,22.18,21.96,-0.0099
603335,迪生力,汽车,汽车零部件Ⅱ,2025-10-29,2025-10-30,6.07,5.95,-0.0198
300736,百邦科技,通信,通信设备,2025-10-29,2025-10-30,14.49,14.35,-0.0097
002723,小崧股份,家电,照明电工及其他,2025-10-29,2025-10-30,8.05,7.86,-0.0236
603679,华体科技,家电,照明电工及其他,2025-10-29,2025-10-30,16.7,16.42,-0.0168
002591,恒大高新,基础化工,其他化学制品Ⅱ,2025-10-29,2025-10-30,6.45,6.43,-0.0031
920873,中设咨询,建筑装饰,专业工程,2025-10-29,2025-10-30,7.97,8.18,0.0263
920207,众诚科技,计算机,计算机应用,2025-10-29,2025-10-30,22.77,24.38,0.0707
002319,乐通股份,基础化工,其他化学制品Ⅱ,2025-10-28,2025-10-29,11.91,11.96,0.0042
301024,霍普股份,建筑,建筑设计及服务Ⅱ,2025-10-28,2025-10-29,39.98,39.84,-0.0035
920414,欧普泰,机械设备,仪器仪表,2025-10-28,2025-10-29,13.96,13.81,-0.0107
000809,和展能源,房地产,房地产开发和运营,2025-10-28,2025-10-29,3.19,3.17,-0.0063
301512,智信精密,机械,通用设备,2025-10-28,2025-10-29,47.41,47.48,0.0015
000952,广济药业,医药,化学制药,2025-10-28,2025-10-29,6.78,6.74,-0.0059
002909,集泰股份,基础化工,其他化学制品Ⅱ,2025-10-28,2025-10-29,6.63,6.63,0.0
002494,华斯股份,纺织服装,纺织制造,2025-10-28,2025-10-29,5.25,5.3,0.0095
920370,新安洁,,,2025-10-28,2025-10-29,4.7,4.65,-0.0106
300710,万隆光电,通信,通信设备,2025-10-28,2025-10-29,22.39,21.99,-0.0179
300612,宣亚国际,传媒,广告营销,2025-10-28,2025-10-29,14.15,14.2,0.0035
920970,大禹生物,农林牧渔,饲料,2025-10-28,2025-10-29,9.3,9.42,0.0129
002114,罗平锌电,有色金属,工业金属,2025-10-28,2025-10-29,7.97,7.89,-0.01
301040,中环海陆,机械,通用设备,2025-10-27,2025-10-28,23.12,23.11,-0.0004
688004,博汇科技,计算机,计算机软件,2025-10-27,2025-10-28,27.5,26.95,-0.02
688038,中科通达,计算机,计算机软件,2025-10-27,2025-10-28,19.48,19.3,-0.0092
603023,威帝股份,汽车,汽车零部件Ⅱ,2025-10-27,2025-10-28,4.27,4.26,-0.0023
300937,药易购,医药,其他医药医疗,2025-10-27,2025-10-28,27.6,27.55,-0.0018
300931,通用电梯,机械,工程机械Ⅱ,2025-10-24,2025-10-27,10.25,10.27,0.002
002652,扬子新材,建材,专用材料Ⅱ,2025-10-24,2025-10-27,3.87,3.9,0.0078
301049,超越科技,电力及公用事业,环保及公用事业,2025-10-24,2025-10-27,22.94,22.66,-0.0122
002136,安 纳 达,基础化工,化学原料,2025-10-23,2025-10-24,11.28,11.33,0.0044
920719,宁新新材,有色金属,金属非金属新材料,2025-10-21,2025-10-22,14.95,15.25,0.0201
688528,秦川物联,机械,仪器仪表Ⅱ,2025-10-17,2025-10-20,11.88,11.76,-0.0101
603536,惠发食品,食品饮料,食品,2025-09-01,2025-09-02,9.8,10.17,0.0378
300564,筑博设计,建筑,建筑设计及服务Ⅱ,2025-09-01,2025-09-02,16.38,16.45,0.0043
300405,科隆股份,基础化工,化学原料,2025-09-01,2025-09-02,5.97,6.15,0.0302
300417,南华仪器,机械,仪器仪表Ⅱ,2025-09-01,2025-09-02,12.7,13.05,0.0276
002856,美芝股份,建筑,建筑装修Ⅱ,2025-09-01,2025-09-02,10.26,10.59,0.0322
002193,如意集团,纺织服装,纺织制造,2025-09-01,2025-09-02,5.7,5.9,0.0351
000952,广济药业,医药,化学制药,2025-09-01,2025-09-02,6.59,6.65,0.0091
300614,百川畅银,电力及公用事业,环保及公用事业,2025-09-01,2025-09-02,14.72,14.65,-0.0048
300966,共同药业,医药,化学制药,2025-09-01,2025-09-02,22.1,22.5,0.0181
605177,东亚药业,医药,化学制药,2025-09-01,2025-09-02,19.8,20.18,0.0192
002679,福建金森,农林牧渔,林业,2025-09-01,2025-09-02,9.67,9.82,0.0155
300597,吉大通信,通信,通讯工程服务,2025-09-01,2025-09-02,9.73,9.69,-0.0041
688426,康为世纪,医药,其他医药医疗,2025-09-01,2025-09-02,22.89,23.18,0.0127
000790,华神科技,医药,中药生产,2025-09-01,2025-09-02,3.98,4.05,0.0176
600082,海泰发展,房地产,房地产开发和运营,2025-09-01,2025-09-02,3.96,3.96,0.0
600543,莫高股份,食品饮料,酒类,2025-09-01,2025-09-02,6.1,6.26,0.0262
002634,棒杰股份,纺织服装,纺织制造,2025-09-01,2025-09-02,4.61,4.7,0.0195
603959,百利科技,建筑,建筑施工,2025-09-01,2025-09-02,5.45,5.45,0.0
300948,冠中生态,建筑,建筑施工,2025-09-01,2025-09-02,11.07,11.29,0.0199
301512,智信精密,机械,通用设备,2025-09-01,2025-09-02,44.66,45.97,0.0293
688060,云涌科技,计算机,计算机设备,2025-09-01,2025-09-02,41.93,42.98,0.025
301519,舜禹股份,电力及公用事业,环保及公用事业,2025-09-01,2025-09-02,13.63,13.88,0.0183
300675,建科院,建筑,建筑设计及服务Ⅱ,2025-08-29,2025-09-01,15.26,14.91,-0.0229
300958,建工修复,电力及公用事业,环保及公用事业,2025-08-29,2025-09-01,12.9,12.78,-0.0093
300710,万隆光电,通信,通信设备,2025-08-29,2025-09-01,20.9,20.47,-0.0206
688485,九州一轨,机械,运输设备,2025-08-29,2025-09-01,13.8,13.5,-0.0217
300305,裕兴股份,基础化工,塑料及制品,2025-08-29,2025-09-01,6.49,6.31,-0.0277
000695,滨海能源,轻工制造,包装印刷,2025-08-29,2025-09-01,12.04,12.39,0.0291
920725,惠丰钻石,有色金属,金属非金属新材料,2025-08-29,2025-09-01,28.7,28.73,0.001
300670,大烨智能,电力设备及新能源,电气设备,2025-08-29,2025-09-01,7.11,7.02,-0.0127
002795,永和智控,机械,通用设备,2025-08-29,2025-09-01,4.9,4.86,-0.0082
301273,瑞晨环保,机械,专用机械,2025-08-29,2025-09-01,27.68,27.24,-0.0159
301198,喜悦智行,轻工制造,包装印刷,2025-08-29,2025-09-01,11.34,11.06,-0.0247
000632,三木集团,商贸零售,贸易Ⅱ,2025-08-29,2025-09-01,3.95,3.89,-0.0152
001373,翔腾新材,电子,光学光电,2025-08-29,2025-09-01,31.4,30.65,-0.0239
920719,宁新新材,有色金属,金属非金属新材料,2025-08-29,2025-09-01,15.59,16.3,0.0455
000809,和展能源,房地产,房地产开发和运营,2025-08-29,2025-09-01,2.94,2.91,-0.0102
300106,西部牧业,农林牧渔,畜牧业,2025-08-29,2025-09-01,11.68,11.66,-0.0017
688528,秦川物联,机械,仪器仪表Ⅱ,2025-08-29,2025-09-01,11.06,10.9,-0.0145
603937,丽岛新材,有色金属,工业金属,2025-08-29,2025-09-01,10.92,11.1,0.0165
002207,准油股份,石油石化,油服工程,2025-08-29,2025-09-01,7.41,7.38,-0.004
002513,蓝丰生化,基础化工,农用化工,2025-08-29,2025-09-01,5.17,5.1,-0.0135
000890,法尔胜,电力及公用事业,环保及公用事业,2025-08-29,2025-09-01,3.95,3.91,-0.0101
920152,昆工科技,有色金属,金属非金属新材料,2025-08-29,2025-09-01,20.0,20.48,0.024
300736,百邦科技,通信,通信设备,2025-08-29,2025-09-01,12.74,13.0,0.0204
002319,乐通股份,基础化工,其他化学制品Ⅱ,2025-08-29,2025-09-01,12.14,11.82,-0.0264
603356,华菱精工,机械,工程机械Ⅱ,2025-08-29,2025-09-01,13.15,12.85,-0.0228
920895,花溪科技,机械设备,专用设备,2025-08-29,2025-09-01,29.0,27.59,-0.0486
300912,凯龙高科,电力及公用事业,环保及公用事业,2025-08-29,2025-09-01,14.95,14.61,-0.0227
688296,和达科技,计算机,计算机软件,2025-08-29,2025-09-01,14.39,14.29,-0.0069
002910,庄园牧场,食品饮料,饮料,2025-08-29,2025-09-01,9.74,9.66,-0.0082
688058,宝兰德,计算机,计算机软件,2025-08-29,2025-09-01,32.71,31.58,-0.0345
920300,辰光医疗,机械设备,专用设备,2025-08-29,2025-09-01,17.06,17.03,-0.0018
920475,三友科技,机械设备,专用设备,2025-08-29,2025-09-01,21.95,21.46,-0.0223
688638,誉辰智能,机械,专用机械,2025-08-29,2025-09-01,39.48,38.99,-0.0124
001278,一彬科技,汽车,汽车零部件Ⅱ,2025-08-29,2025-09-01,18.0,17.64,-0.02
300141,和顺电气,电力设备及新能源,电气设备,2025-08-28,2025-08-29,9.4,9.19,-0.0223
300649,杭州园林,建筑,建筑装修Ⅱ,2025-08-28,2025-08-29,17.66,17.38,-0.0159
600232,金鹰股份,纺织服装,纺织制造,2025-08-28,2025-08-29,7.05,6.87,-0.0255
603042,华脉科技,通信,通信设备,2025-08-28,2025-08-29,16.71,16.79,0.0048
920145,恒合股份,机械设备,专用设备,2025-08-28,2025-08-29,23.18,23.12,-0.0026
688671,碧兴物联,机械,仪器仪表Ⅱ,2025-08-28,2025-08-29,22.31,22.36,0.0022
920781,瑞奇智造,机械设备,金属制品,2025-08-28,2025-08-29,11.27,11.22,-0.0044
002682,龙洲股份,综合,综合Ⅱ,2025-08-28,2025-08-29,4.72,4.68,-0.0085
603778,国晟科技,建筑,建筑施工,2025-08-28,2025-08-29,3.73,3.7,-0.008
301111,粤万年青,医药,中药生产,2025-08-28,2025-08-29,16.56,16.34,-0.0133
002853,皮阿诺,轻工制造,家居,2025-08-28,2025-08-29,12.47,12.09,-0.0305
920642,通易航天,化工,橡胶,2025-08-28,2025-08-29,18.3,18.52,0.012
300385,雪浪环境,电力及公用事业,环保及公用事业,2025-08-28,2025-08-29,5.28,5.28,0.0
002806,华锋股份,汽车,汽车零部件Ⅱ,2025-08-28,2025-08-29,12.34,12.15,-0.0154
688450,光格科技,计算机,计算机设备,2025-08-28,2025-08-29,30.01,30.46,0.015
000663,永安林业,轻工制造,家居,2025-08-28,2025-08-29,6.64,6.58,-0.009
603139,康惠股份,医药,中药生产,2025-08-28,2025-08-29,23.49,23.5,0.0004
300955,嘉亨家化,基础化工,其他化学制品Ⅱ,2025-08-28,2025-08-29,25.0,28.51,0.1404
603335,迪生力,汽车,汽车零部件Ⅱ,2025-08-28,2025-08-29,5.18,5.05,-0.0251
300668,杰恩设计,建筑,建筑装修Ⅱ,2025-08-28,2025-08-29,18.3,17.72,-0.0317
920370,新安洁,,,2025-08-28,2025-08-29,4.8,4.92,0.025
301218,华是科技,计算机,计算机软件,2025-08-28,2025-08-29,22.8,22.88,0.0035
300721,怡达股份,基础化工,化学原料,2025-08-28,2025-08-29,14.63,14.63,0.0
300437,清水源,基础化工,其他化学制品Ⅱ,2025-08-27,2025-08-28,9.7,9.24,-0.0474
920471,美邦科技,公用事业,环保工程及服务,2025-08-27,2025-08-28,15.83,15.18,-0.0411
688679,通源环境,电力及公用事业,环保及公用事业,2025-08-27,2025-08-28,17.88,16.92,-0.0537
001366,播恩集团,农林牧渔,畜牧业,2025-08-27,2025-08-28,13.39,12.6,-0.059
920508,殷图网联,,,2025-08-27,2025-08-28,29.18,29.07,-0.0038
300849,锦盛新材,轻工制造,包装印刷,2025-08-27,2025-08-28,13.5,13.09,-0.0304
300103,达刚控股,机械,专用机械,2025-08-27,2025-08-28,8.33,7.76,-0.0684
002205,国统股份,建材,结构材料,2025-08-27,2025-08-28,14.65,13.77,-0.0601
603488,展鹏科技,机械,工程机械Ⅱ,2025-08-27,2025-08-28,8.9,8.58,-0.036
300464,星徽股份,商贸零售,电商及服务Ⅱ,2025-08-27,2025-08-28,6.01,5.89,-0.02
301049,超越科技,电力及公用事业,环保及公用事业,2025-08-27,2025-08-28,24.7,23.23,-0.0595
301027,华蓝集团,建筑,建筑设计及服务Ⅱ,2025-08-27,2025-08-28,15.36,14.85,-0.0332
002114,罗平锌电,有色金属,工业金属,2025-08-27,2025-08-28,7.78,7.5,-0.036
000692,惠天热电,电力及公用事业,环保及公用事业,2025-08-27,2025-08-28,3.71,3.58,-0.035
300478,杭州高新,基础化工,塑料及制品,2025-08-27,2025-08-28,18.74,18.4,-0.0181
920873,中设咨询,建筑装饰,专业工程,2025-08-27,2025-08-28,8.39,8.08,-0.0369
300931,通用电梯,机械,工程机械Ⅱ,2025-08-26,2025-08-27,9.62,9.7,0.0083
920970,大禹生物,农林牧渔,饲料,2025-08-26,2025-08-27,10.26,10.17,-0.0088
920436,大地电气,汽车,汽车零部件,2025-08-26,2025-08-27,20.37,20.66,0.0142
920090,同辉信息,计算机,计算机应用,2025-08-26,2025-08-27,9.63,9.37,-0.027
920175,东方碳素,有色金属,金属非金属新材料,2025-08-26,2025-08-27,12.93,13.0,0.0054
920564,天润科技,计算机,计算机应用,2025-08-25,2025-08-26,26.88,27.03,0.0056
688004,博汇科技,计算机,计算机软件,2025-08-25,2025-08-26,25.57,24.92,-0.0254
603028,赛福天,机械,金属制品Ⅱ,2025-08-25,2025-08-26,8.44,8.47,0.0036
002652,扬子新材,建材,专用材料Ⅱ,2025-08-25,2025-08-26,3.92,3.79,-0.0332
688670,金迪克,医药,生物医药Ⅱ,2025-08-25,2025-08-26,16.76,16.73,-0.0018
920223,荣亿精密,机械设备,通用机械,2025-08-25,2025-08-26,13.75,14.27,0.0378
000955,欣龙控股,纺织服装,纺织制造,2025-08-25,2025-08-26,4.99,4.95,-0.008
920670,数字人,,,2025-08-25,2025-08-26,15.3,15.5,0.0131
300935,盈建科,计算机,计算机软件,2025-08-25,2025-08-26,27.3,26.69,-0.0223
920266,生物谷,医药生物,中药,2025-08-22,2025-08-25,11.68,11.45,-0.0197
600202,哈空调,电力设备及新能源,电源设备,2025-08-21,2025-08-22,6.06,6.15,0.0149
300949,奥雅股份,建筑,建筑设计及服务Ⅱ,2025-08-21,2025-08-22,43.52,44.2,0.0156
300556,丝路视觉,计算机,计算机软件,2025-08-20,2025-08-21,21.96,22.09,0.0059
920198,微创光电,,,2025-08-19,2025-08-20,11.49,11.35,-0.0122
300270,中威电子,计算机,计算机设备,2025-08-18,2025-08-19,8.45,8.57,0.0142
920414,欧普泰,机械设备,仪器仪表,2025-08-18,2025-08-19,14.93,15.64,0.0476
601996,丰林集团,轻工制造,家居,2025-08-18,2025-08-19,2.23,2.24,0.0045
002963,豪尔赛,建筑,建筑施工,2025-08-18,2025-08-19,13.2,13.79,0.0447
002909,集泰股份,基础化工,其他化学制品Ⅱ,2025-08-14,2025-08-15,6.5,6.37,-0.02
688329,艾隆科技,计算机,计算机软件,2025-08-13,2025-08-14,23.27,22.96,-0.0133
002136,安 纳 达,基础化工,化学原料,2025-08-01,2025-08-04,10.42,10.49,0.0067
603356,华菱精工,机械,工程机械Ⅱ,2025-06-27,2025-06-30,13.33,13.49,0.012
600791,京能置业,房地产,房地产开发和运营,2025-05-06,2025-05-07,4.24,4.27,0.0071
603536,惠发食品,食品饮料,食品,2025-05-06,2025-05-07,8.85,9.1,0.0282
002798,帝欧水华,建材,装饰材料,2025-05-06,2025-05-07,4.28,4.35,0.0164
688175,高凌信息,计算机,计算机设备,2025-05-06,2025-05-07,16.61,17.08,0.0283
688260,昀冢科技,电子,消费电子,2025-05-06,2025-05-07,13.57,14.1,0.0391
002193,如意集团,纺织服装,纺织制造,2025-05-06,2025-05-07,5.16,5.5,0.0659
688178,万德斯,电力及公用事业,环保及公用事业,2025-05-06,2025-05-07,23.65,24.87,0.0516
605303,园林股份,建筑,建筑施工,2025-05-06,2025-05-07,9.34,9.75,0.0439
688573,信宇人,机械,专用机械,2025-05-06,2025-05-07,17.58,18.69,0.0631
688296,和达科技,计算机,计算机软件,2025-05-06,2025-05-07,11.23,11.85,0.0552
600302,标准股份,机械,专用机械,2025-05-06,2025-05-07,5.23,5.58,0.0669
688081,兴图新科,国防军工,其他军工Ⅱ,2025-05-06,2025-05-07,18.53,18.73,0.0108
002114,罗平锌电,有色金属,工业金属,2025-05-06,2025-05-07,5.92,6.29,0.0625
688051,佳华科技,计算机,计算机软件,2025-05-06,2025-05-07,23.13,23.36,0.0099
688426,康为世纪,医药,其他医药医疗,2025-05-06,2025-05-07,19.05,18.91,-0.0073
688310,迈得医疗,机械,专用机械,2025-05-06,2025-05-07,11.34,11.48,0.0123
603880,南卫股份,医药,其他医药医疗,2025-05-06,2025-05-07,5.0,5.36,0.072
000663,永安林业,轻工制造,家居,2025-05-06,2025-05-07,5.7,5.77,0.0123
605177,东亚药业,医药,化学制药,2025-05-06,2025-05-07,16.83,17.19,0.0214
600847,万里股份,电力设备及新能源,电源设备,2025-05-06,2025-05-07,9.45,9.78,0.0349
600408,安泰集团,煤炭,煤炭化工,2025-05-06,2025-05-07,1.77,1.88,0.0621
603818,曲美家居,轻工制造,家居,2025-05-06,2025-05-07,2.92,2.96,0.0137
688189,南新制药,医药,化学制药,2025-05-06,2025-05-07,6.23,6.38,0.0241
000692,惠天热电,电力及公用事业,环保及公用事业,2025-05-06,2025-05-07,3.33,3.46,0.039
002133,广宇集团,房地产,房地产开发和运营,2025-05-06,2025-05-07,2.75,2.83,0.0291
300437,清水源,基础化工,其他化学制品Ⅱ,2025-05-06,2025-05-07,7.4,7.49,0.0122
002205,国统股份,建材,结构材料,2025-05-06,2025-05-07,9.32,9.47,0.0161
000545,金浦钛业,基础化工,化学原料,2025-04-30,2025-05-06,2.01,2.07,0.0299
600202,哈空调,电力设备及新能源,电源设备,2025-04-30,2025-05-06,4.94,5.07,0.0263
920471,美邦科技,公用事业,环保工程及服务,2025-04-30,2025-05-06,14.91,15.16,0.0168
603937,丽岛新材,有色金属,工业金属,2025-04-30,2025-05-06,8.89,8.97,0.009
300462,ST华铭,机械,运输设备,2025-04-30,2025-05-06,9.03,9.04,0.0011
300710,万隆光电,通信,通信设备,2025-04-30,2025-05-06,17.6,18.89,0.0733
920670,数字人,,,2025-04-30,2025-05-06,12.21,13.54,0.1089
300949,奥雅股份,建筑,建筑设计及服务Ⅱ,2025-04-30,2025-05-06,29.56,30.6,0.0352
300948,冠中生态,建筑,建筑施工,2025-04-30,2025-05-06,9.32,9.6,0.03
920642,通易航天,化工,橡胶,2025-04-30,2025-05-06,14.5,15.2,0.0483
688335,复洁科技,电力及公用事业,环保及公用事业,2025-04-30,2025-05-06,10.23,10.48,0.0244
688638,誉辰智能,机械,专用机械,2025-04-30,2025-05-06,27.99,29.22,0.0439
301024,霍普股份,建筑,建筑设计及服务Ⅱ,2025-04-30,2025-05-06,27.38,28.47,0.0398
301273,瑞晨环保,机械,专用机械,2025-04-30,2025-05-06,22.46,23.38,0.041
300966,共同药业,医药,化学制药,2025-04-30,2025-05-06,16.14,16.21,0.0043
000632,三木集团,商贸零售,贸易Ⅱ,2025-04-30,2025-05-06,3.2,3.28,0.025
300270,中威电子,计算机,计算机设备,2025-04-30,2025-05-06,6.84,6.94,0.0146
688528,秦川物联,机械,仪器仪表Ⅱ,2025-04-30,2025-05-06,8.81,9.08,0.0306
603778,国晟科技,建筑,建筑施工,2025-04-30,2025-05-06,2.93,2.97,0.0137
002856,美芝股份,建筑,建筑装修Ⅱ,2025-04-30,2025-05-06,9.37,9.54,0.0181
300878,维康药业,医药,中药生产,2025-04-30,2025-05-06,14.32,14.68,0.0251
300103,达刚控股,机械,专用机械,2025-04-30,2025-05-06,5.56,5.68,0.0216
300329,海伦钢琴,轻工制造,文娱轻工Ⅱ,2025-04-30,2025-05-06,6.69,6.82,0.0194
603903,中持股份,电力及公用事业,环保及公用事业,2025-04-30,2025-05-06,6.8,6.9,0.0147
000637,茂化实华,石油石化,石油化工,2025-04-30,2025-05-06,3.45,3.5,0.0145
920057,百甲科技,建筑装饰,专业工程,2025-04-30,2025-05-06,6.41,6.41,0.0
600802,福建水泥,建材,结构材料,2025-04-30,2025-05-06,4.25,4.22,-0.0071
920300,辰光医疗,机械设备,专用设备,2025-04-30,2025-05-06,15.56,17.39,0.1176
920175,东方碳素,有色金属,金属非金属新材料,2025-04-30,2025-05-06,10.64,11.27,0.0592
002921,联诚精密,汽车,汽车零部件Ⅱ,2025-04-30,2025-05-06,12.86,13.26,0.0311
600543,莫高股份,食品饮料,酒类,2025-04-30,2025-05-06,4.78,4.93,0.0314
300955,嘉亨家化,基础化工,其他化学制品Ⅱ,2025-04-30,2025-05-06,16.7,16.92,0.0132
301072,中捷精工,汽车,汽车零部件Ⅱ,2025-04-30,2025-05-06,19.29,19.98,0.0358
688329,艾隆科技,计算机,计算机软件,2025-04-30,2025-05-06,15.12,15.75,0.0417
300518,新迅达,商贸零售,电商及服务Ⅱ,2025-04-30,2025-05-06,9.96,10.02,0.006
603356,华菱精工,机械,工程机械Ⅱ,2025-04-30,2025-05-06,12.15,12.37,0.0181
688170,德龙激光,机械,通用设备,2025-04-30,2025-05-06,20.81,20.95,0.0067
600156,华升股份,纺织服装,纺织制造,2025-04-30,2025-05-06,5.32,5.42,0.0188
300849,锦盛新材,轻工制造,包装印刷,2025-04-30,2025-05-06,13.74,13.28,-0.0335
603716,塞力医疗,医药,其他医药医疗,2025-04-30,2025-05-06,10.35,10.76,0.0396
605178,时空科技,建筑,建筑施工,2025-04-30,2025-05-06,14.86,15.45,0.0397
920207,众诚科技,计算机,计算机应用,2025-04-30,2025-05-06,21.86,24.4,0.1162
603139,康惠股份,医药,中药生产,2025-04-30,2025-05-06,19.27,20.0,0.0379
301227,森鹰窗业,建材,装饰材料,2025-04-30,2025-05-06,17.01,17.06,0.0029
002513,蓝丰生化,基础化工,农用化工,2025-04-30,2025-05-06,4.43,4.41,-0.0045
002084,海鸥住工,轻工制造,家居,2025-04-30,2025-05-06,3.25,3.3,0.0154
920266,生物谷,医药生物,中药,2025-04-30,2025-05-06,9.19,9.39,0.0218
300635,中达安,综合,综合Ⅱ,2025-04-30,2025-05-06,9.49,9.73,0.0253
300086,康芝药业,医药,化学制药,2025-04-30,2025-05-06,4.59,4.7,0.024
920436,大地电气,汽车,汽车零部件,2025-04-29,2025-04-30,16.47,17.28,0.0492
001366,播恩集团,农林牧渔,畜牧业,2025-04-29,2025-04-30,10.93,11.2,0.0247
920719,宁新新材,有色金属,金属非金属新材料,2025-04-29,2025-04-30,10.1,10.58,0.0475
300732,设研院,建筑,建筑设计及服务Ⅱ,2025-04-29,2025-04-30,6.28,6.32,0.0064
300305,裕兴股份,基础化工,塑料及制品,2025-04-29,2025-04-30,5.28,5.44,0.0303
301237,和顺科技,基础化工,塑料及制品,2025-04-29,2025-04-30,22.97,23.56,0.0257
000952,广济药业,医药,化学制药,2025-04-29,2025-04-30,5.23,5.38,0.0287
002319,乐通股份,基础化工,其他化学制品Ⅱ,2025-04-29,2025-04-30,9.54,9.42,-0.0126
300665,飞鹿股份,基础化工,其他化学制品Ⅱ,2025-04-29,2025-04-30,6.74,7.21,0.0697
920970,大禹生物,农林牧渔,饲料,2025-04-29,2025-04-30,7.28,7.52,0.033
301125,腾亚精工,机械,专用机械,2025-04-29,2025-04-30,11.31,11.73,0.0371
000590,古汉医药,医药,中药生产,2025-04-29,2025-04-30,8.76,8.7,-0.0068
000890,法尔胜,电力及公用事业,环保及公用事业,2025-04-29,2025-04-30,3.14,3.23,0.0287
301372,科净源,电力及公用事业,环保及公用事业,2025-04-29,2025-04-30,16.84,18.09,0.0742
300780,德恩精工,机械,通用设备,2025-04-29,2025-04-30,13.72,14.3,0.0423
301027,华蓝集团,建筑,建筑设计及服务Ⅱ,2025-04-28,2025-04-29,11.61,11.39,-0.0189
920414,欧普泰,机械设备,仪器仪表,2025-04-28,2025-04-29,11.54,11.0,-0.0468
920223,荣亿精密,机械设备,通用机械,2025-04-28,2025-04-29,9.95,9.62,-0.0332
603028,赛福天,机械,金属制品Ⅱ,2025-04-28,2025-04-29,6.44,6.38,-0.0093
002072,凯瑞德,商贸零售,贸易Ⅱ,2025-04-28,2025-04-29,4.28,4.21,-0.0164
300478,杭州高新,基础化工,塑料及制品,2025-04-28,2025-04-29,11.89,11.4,-0.0412
300931,通用电梯,机械,工程机械Ⅱ,2025-04-28,2025-04-29,6.35,6.22,-0.0205
301232,飞沃科技,机械,通用设备,2025-04-28,2025-04-29,25.6,24.99,-0.0238
301075,多瑞医药,医药,化学制药,2025-04-28,2025-04-29,21.46,21.05,-0.0191
301002,崧盛股份,电力设备及新能源,电气设备,2025-04-28,2025-04-29,15.59,15.18,-0.0263
300385,雪浪环境,电力及公用事业,环保及公用事业,2025-04-28,2025-04-29,4.58,4.54,-0.0087
300405,科隆股份,基础化工,化学原料,2025-04-28,2025-04-29,4.6,4.55,-0.0109
300614,百川畅银,电力及公用事业,环保及公用事业,2025-04-28,2025-04-29,11.3,11.1,-0.0177
688058,宝兰德,计算机,计算机软件,2025-04-28,2025-04-29,26.18,25.75,-0.0164
688060,云涌科技,计算机,计算机设备,2025-04-28,2025-04-29,31.64,30.75,-0.0281
002910,庄园牧场,食品饮料,饮料,2025-04-28,2025-04-29,8.32,8.22,-0.012
300518,新迅达,商贸零售,电商及服务Ⅱ,2025-04-28,2025-04-29,9.72,9.73,0.001
300736,百邦科技,通信,通信设备,2025-04-28,2025-04-29,8.3,8.6,0.0361
920090,同辉信息,计算机,计算机应用,2025-04-28,2025-04-29,5.85,5.79,-0.0103
300935,盈建科,计算机,计算机软件,2025-04-28,2025-04-29,20.74,20.37,-0.0178
688426,康为世纪,医药,其他医药医疗,2025-04-28,2025-04-29,17.49,17.23,-0.0149
920873,中设咨询,建筑装饰,专业工程,2025-04-28,2025-04-29,5.45,5.05,-0.0734
920370,新安洁,,,2025-04-28,2025-04-29,4.13,3.9,-0.0557
920300,辰光医疗,机械设备,专用设备,2025-04-28,2025-04-29,16.72,15.34,-0.0825
688573,信宇人,机械,专用机械,2025-04-28,2025-04-29,16.88,16.71,-0.0101
300958,建工修复,电力及公用事业,环保及公用事业,2025-04-25,2025-04-28,11.4,11.18,-0.0193
300594,朗进科技,机械,运输设备,2025-04-25,2025-04-28,15.54,15.5,-0.0026
002778,中晟高科,电力及公用事业,环保及公用事业,2025-04-25,2025-04-28,16.46,16.18,-0.017
300966,共同药业,医药,化学制药,2025-04-25,2025-04-28,15.58,15.45,-0.0083
300591,万里马,纺织服装,品牌服饰,2025-04-25,2025-04-28,4.49,5.05,0.1247
002524,光正眼科,医药,其他医药医疗,2025-04-25,2025-04-28,3.8,3.83,0.0079
688004,博汇科技,计算机,计算机软件,2025-04-25,2025-04-28,15.05,15.21,0.0106
002207,准油股份,石油石化,油服工程,2025-04-25,2025-04-28,5.35,5.32,-0.0056
300141,和顺电气,电力设备及新能源,电气设备,2025-04-25,2025-04-28,8.15,8.07,-0.0098
603900,莱绅通灵,商贸零售,专营连锁,2025-04-24,2025-04-25,6.24,5.98,-0.0417
920145,恒合股份,机械设备,专用设备,2025-04-24,2025-04-25,22.21,21.46,-0.0338
300270,中威电子,计算机,计算机设备,2025-04-24,2025-04-25,6.75,6.65,-0.0148
300649,杭州园林,建筑,建筑装修Ⅱ,2025-04-24,2025-04-25,10.68,10.62,-0.0056
300839,博汇股份,石油石化,石油化工,2025-04-24,2025-04-25,8.17,8.2,0.0037
688619,罗普特,电子,光学光电,2025-04-24,2025-04-25,9.16,9.3,0.0153
301125,腾亚精工,机械,专用机械,2025-04-24,2025-04-25,11.43,11.48,0.0044
300500,启迪设计,建筑,建筑装修Ⅱ,2025-04-24,2025-04-25,10.28,10.25,-0.0029
300912,凯龙高科,电力及公用事业,环保及公用事业,2025-04-24,2025-04-25,11.85,11.9,0.0042
300780,德恩精工,机械,通用设备,2025-04-23,2025-04-24,13.67,14.27,0.0439
301037,保立佳,基础化工,其他化学制品Ⅱ,2025-04-23,2025-04-24,12.11,12.46,0.0289
301072,中捷精工,汽车,汽车零部件Ⅱ,2025-04-23,2025-04-24,18.42,19.11,0.0375
300385,雪浪环境,电力及公用事业,环保及公用事业,2025-04-23,2025-04-24,4.63,4.69,0.013
600802,福建水泥,建材,结构材料,2025-04-23,2025-04-24,4.3,4.26,-0.0093
300668,杰恩设计,建筑,建筑装修Ⅱ,2025-04-23,2025-04-24,16.95,16.76,-0.0112
301198,喜悦智行,轻工制造,包装印刷,2025-04-22,2025-04-23,9.68,9.7,0.0021
300141,和顺电气,电力设备及新能源,电气设备,2025-04-22,2025-04-23,8.0,8.09,0.0112
300749,顶固集创,轻工制造,家居,2025-04-22,2025-04-23,7.63,7.96,0.0433
300686,智动力,电子,消费电子,2025-04-22,2025-04-23,7.66,7.64,-0.0026
301049,超越科技,电力及公用事业,环保及公用事业,2025-04-22,2025-04-23,20.51,21.31,0.039
301027,华蓝集团,建筑,建筑设计及服务Ⅱ,2025-04-22,2025-04-23,11.39,11.53,0.0123
301227,森鹰窗业,建材,装饰材料,2025-04-22,2025-04-23,16.72,17.0,0.0167
301237,和顺科技,基础化工,塑料及制品,2025-04-21,2025-04-22,22.28,22.79,0.0229
300329,海伦钢琴,轻工制造,文娱轻工Ⅱ,2025-04-21,2025-04-22,6.79,6.67,-0.0177
688004,博汇科技,计算机,计算机软件,2025-04-21,2025-04-22,15.25,15.24,-0.0007
688670,金迪克,医药,生物医药Ⅱ,2025-04-21,2025-04-22,11.02,11.08,0.0054
301075,多瑞医药,医药,化学制药,2025-04-21,2025-04-22,21.53,22.4,0.0404
300126,锐奇股份,机械,通用设备,2025-04-21,2025-04-22,6.08,6.25,0.028
300305,裕兴股份,基础化工,塑料及制品,2025-04-18,2025-04-21,5.19,5.21,0.0039
300732,设研院,建筑,建筑设计及服务Ⅱ,2025-04-18,2025-04-21,6.07,6.14,0.0115
920175,东方碳素,有色金属,金属非金属新材料,2025-04-17,2025-04-18,11.77,11.82,0.0042
002207,准油股份,石油石化,油服工程,2025-04-17,2025-04-18,5.09,5.33,0.0472
688296,和达科技,计算机,计算机软件,2025-04-17,2025-04-18,11.19,11.44,0.0223
002136,安 纳 达,基础化工,化学原料,2025-04-16,2025-04-17,8.88,8.58,-0.0338
603356,华菱精工,机械,工程机械Ⅱ,2025-04-16,2025-04-17,12.45,12.14,-0.0249
002963,豪尔赛,建筑,建筑施工,2025-04-14,2025-04-15,10.45,10.42,-0.0029
600156,华升股份,纺织服装,纺织制造,2025-04-11,2025-04-14,4.75,4.93,0.0379
920149,旭杰科技,,,2025-04-07,2025-04-08,11.4,10.5,-0.0789
000663,永安林业,轻工制造,家居,2025-04-01,2025-04-02,5.5,5.59,0.0164
002114,罗平锌电,有色金属,工业金属,2025-03-31,2025-04-01,6.51,6.49,-0.0031
000590,古汉医药,医药,中药生产,2025-03-31,2025-04-01,8.53,8.65,0.0141
000586,汇源通信,通信,通信设备,2025-03-28,2025-03-31,10.08,9.46,-0.0615
688671,碧兴物联,机械,仪器仪表Ⅱ,2025-03-27,2025-03-28,19.17,18.55,-0.0323
300437,清水源,基础化工,其他化学制品Ⅱ,2025-03-03,2025-03-04,8.08,8.21,0.0161
002857,三晖电气,机械,仪器仪表Ⅱ,2024-12-26,2024-12-27,12.31,12.56,0.0203
002620,ST瑞和,建筑,建筑装修Ⅱ,2024-11-01,2024-11-04,3.98,3.64,-0.0854
000637,茂化实华,石油石化,石油化工,2024-11-01,2024-11-04,3.76,3.7,-0.016
600319,亚星化学,基础化工,化学原料,2024-11-01,2024-11-04,4.84,4.69,-0.031
688096,京源环保,电力及公用事业,环保及公用事业,2024-11-01,2024-11-04,9.3,8.9,-0.043
688189,南新制药,医药,化学制药,2024-11-01,2024-11-04,7.49,7.3,-0.0254
603458,勘设股份,建筑,建筑设计及服务Ⅱ,2024-11-01,2024-11-04,6.48,6.09,-0.0602
002713,*ST东易,建筑,建筑装修Ⅱ,2024-11-01,2024-11-04,4.59,4.34,-0.0545
600793,宜宾纸业,轻工制造,造纸Ⅱ,2024-11-01,2024-11-04,10.9,11.28,0.0349
600753,*ST海钦,商贸零售,贸易Ⅱ,2024-11-01,2024-11-04,7.98,7.18,-0.1003
600107,ST尔雅,纺织服装,纺织制造,2024-11-01,2024-11-04,5.59,5.3,-0.0519
002857,三晖电气,机械,仪器仪表Ⅱ,2024-11-01,2024-11-04,11.34,10.9,-0.0388
603316,诚邦股份,建筑,建筑施工,2024-11-01,2024-11-04,5.95,5.64,-0.0521
000608,*ST阳光,房地产,房地产开发和运营,2024-11-01,2024-11-04,2.4,2.34,-0.025
600193,*ST创兴,建筑,建筑装修Ⅱ,2024-11-01,2024-11-04,3.2,3.78,0.1812
688565,力源科技,机械,专用机械,2024-11-01,2024-11-04,6.54,6.6,0.0092
000679,大连友谊,商贸零售,一般零售,2024-11-01,2024-11-04,3.96,3.97,0.0025
002856,美芝股份,建筑,建筑装修Ⅱ,2024-11-01,2024-11-04,10.02,9.26,-0.0758
600539,狮头股份,商贸零售,电商及服务Ⅱ,2024-11-01,2024-11-04,6.02,5.79,-0.0382
688316,青云科技-U,计算机,云服务,2024-11-01,2024-11-04,39.48,36.0,-0.0881
600082,海泰发展,房地产,房地产开发和运营,2024-11-01,2024-11-04,2.9,2.75,-0.0517
603616,韩建河山,建材,结构材料,2024-11-01,2024-11-04,4.0,3.94,-0.015
605303,园林股份,建筑,建筑施工,2024-11-01,2024-11-04,8.29,7.83,-0.0555
603356,华菱精工,机械,工程机械Ⅱ,2024-11-01,2024-11-04,13.19,12.94,-0.019
000573,粤宏远Ａ,房地产,房地产开发和运营,2024-11-01,2024-11-04,2.89,2.81,-0.0277
002910,庄园牧场,食品饮料,饮料,2024-11-01,2024-11-04,7.72,7.69,-0.0039
688455,科捷智能,机械,专用机械,2024-11-01,2024-11-04,10.02,9.71,-0.0309
000663,永安林业,轻工制造,家居,2024-11-01,2024-11-04,5.97,6.0,0.005
603226,菲林格尔,轻工制造,家居,2024-11-01,2024-11-04,4.26,3.98,-0.0657
600847,万里股份,电力设备及新能源,电源设备,2024-11-01,2024-11-04,10.15,9.75,-0.0394
000803,山高环能,电力及公用事业,环保及公用事业,2024-11-01,2024-11-04,4.25,5.1,0.2
002816,*ST和科,机械,专用机械,2024-11-01,2024-11-04,15.3,14.12,-0.0771
688265,南模生物,医药,其他医药医疗,2024-11-01,2024-11-04,26.0,25.61,-0.015
003030,祖名股份,食品饮料,食品,2024-11-01,2024-11-04,14.04,14.09,0.0036
002718,友邦吊顶,建材,装饰材料,2024-11-01,2024-11-04,11.81,11.47,-0.0288
688081,兴图新科,国防军工,其他军工Ⅱ,2024-11-01,2024-11-04,15.9,13.99,-0.1201
688051,佳华科技,计算机,计算机软件,2024-11-01,2024-11-04,23.23,21.68,-0.0667
002513,蓝丰生化,基础化工,农用化工,2024-11-01,2024-11-04,5.29,5.66,0.0699
002842,翔鹭钨业,有色金属,稀有金属,2024-11-01,2024-11-04,6.32,6.68,0.057
688296,和达科技,计算机,计算机软件,2024-11-01,2024-11-04,12.79,12.0,-0.0618
603139,康惠股份,医药,中药生产,2024-11-01,2024-11-04,14.26,13.85,-0.0288
301024,霍普股份,建筑,建筑设计及服务Ⅱ,2024-10-31,2024-11-01,30.0,28.9,-0.0367
688619,罗普特,电子,光学光电,2024-10-31,2024-11-01,8.36,8.47,0.0132
920642,通易航天,化工,橡胶,2024-10-31,2024-11-01,13.3,12.1,-0.0902
300649,杭州园林,建筑,建筑装修Ⅱ,2024-10-31,2024-11-01,12.04,12.2,0.0133
000757,浩物股份,汽车,汽车销售及服务Ⅱ,2024-10-31,2024-11-01,3.71,3.74,0.0081
920508,殷图网联,,,2024-10-31,2024-11-01,23.67,21.52,-0.0908
003042,中农联合,基础化工,农用化工,2024-10-31,2024-11-01,13.98,14.11,0.0093
600857,宁波中百,商贸零售,贸易Ⅱ,2024-10-31,2024-11-01,6.76,6.88,0.0178
688229,博睿数据,计算机,计算机软件,2024-10-31,2024-11-01,41.36,41.68,0.0077
603272,联翔股份,纺织服装,纺织制造,2024-10-31,2024-11-01,12.36,12.71,0.0283
301037,保立佳,基础化工,其他化学制品Ⅱ,2024-10-31,2024-11-01,10.43,10.48,0.0048
002696,百洋股份,农林牧渔,畜牧业,2024-10-31,2024-11-01,5.07,5.11,0.0079
920719,宁新新材,有色金属,金属非金属新材料,2024-10-31,2024-11-01,11.88,11.01,-0.0732
603389,*ST亚振,轻工制造,家居,2024-10-31,2024-11-01,6.74,6.68,-0.0089
688701,卓锦股份,电力及公用事业,环保及公用事业,2024-10-31,2024-11-01,6.1,6.35,0.041
002798,帝欧水华,建材,装饰材料,2024-10-31,2024-11-01,4.02,4.11,0.0224
605081,*ST太和,电力及公用事业,环保及公用事业,2024-10-31,2024-11-01,14.1,14.23,0.0092
600421,*ST华嵘,机械,通用设备,2024-10-31,2024-11-01,10.0,10.1,0.01
000691,*ST亚太,基础化工,其他化学制品Ⅱ,2024-10-31,2024-11-01,4.53,4.61,0.0177
300871,回盛生物,农林牧渔,畜牧业,2024-10-31,2024-11-01,10.91,11.06,0.0137
920370,新安洁,,,2024-10-31,2024-11-01,4.79,4.51,-0.0585
688329,艾隆科技,计算机,计算机软件,2024-10-31,2024-11-01,15.68,15.99,0.0198
301231,荣信文化,传媒,媒体,2024-10-31,2024-11-01,18.6,18.71,0.0059
688288,鸿泉技术,计算机,计算机设备,2024-10-31,2024-11-01,16.98,17.11,0.0077
300665,飞鹿股份,基础化工,其他化学制品Ⅱ,2024-10-31,2024-11-01,6.8,6.88,0.0118
000590,古汉医药,医药,中药生产,2024-10-31,2024-11-01,7.59,7.42,-0.0224
603810,丰山集团,基础化工,农用化工,2024-10-31,2024-11-01,9.5,9.62,0.0126
920476,海能技术,机械设备,仪器仪表,2024-10-31,2024-11-01,11.33,10.27,-0.0936
920207,众诚科技,计算机,计算机应用,2024-10-31,2024-11-01,20.65,19.04,-0.078
920300,辰光医疗,机械设备,专用设备,2024-10-31,2024-11-01,13.39,12.42,-0.0724
688573,信宇人,机械,专用机械,2024-10-31,2024-11-01,15.69,16.09,0.0255
301237,和顺科技,基础化工,塑料及制品,2024-10-31,2024-11-01,23.83,24.61,0.0327
002207,准油股份,石油石化,油服工程,2024-10-31,2024-11-01,5.93,6.1,0.0287
688011,新光光电,国防军工,其他军工Ⅱ,2024-10-31,2024-11-01,17.34,18.52,0.0681
605178,时空科技,建筑,建筑施工,2024-10-31,2024-11-01,18.14,18.6,0.0254
688345,博力威,电力设备及新能源,新能源动力系统,2024-10-30,2024-10-31,19.84,20.16,0.0161
300614,百川畅银,电力及公用事业,环保及公用事业,2024-10-30,2024-10-31,10.79,10.76,-0.0028
920564,天润科技,计算机,计算机应用,2024-10-30,2024-10-31,20.28,22.11,0.0902
920856,浩淼科技,,,2024-10-30,2024-10-31,13.4,9.9,-0.2612
920578,巨能股份,机械设备,专用设备,2024-10-30,2024-10-31,23.78,19.97,-0.1602
920768,拾比佰,,,2024-10-30,2024-10-31,8.09,8.65,0.0692
920680,广道退,计算机,计算机应用,2024-10-30,2024-10-31,26.2,26.1,-0.0038
920145,恒合股份,机械设备,专用设备,2024-10-30,2024-10-31,15.4,12.09,-0.2149
301273,瑞晨环保,机械,专用机械,2024-10-30,2024-10-31,18.38,17.99,-0.0212
300716,ST泉为,基础化工,塑料及制品,2024-10-30,2024-10-31,11.25,11.35,0.0089
300839,博汇股份,石油石化,石油化工,2024-10-30,2024-10-31,7.43,7.24,-0.0256
002629,仁智股份,机械,专用机械,2024-10-30,2024-10-31,2.7,2.7,0.0
001366,播恩集团,农林牧渔,畜牧业,2024-10-30,2024-10-31,11.26,11.2,-0.0053
002211,ST宏达,基础化工,其他化学制品Ⅱ,2024-10-30,2024-10-31,3.85,3.78,-0.0182
920873,中设咨询,建筑装饰,专业工程,2024-10-30,2024-10-31,5.5,5.86,0.0655
600156,华升股份,纺织服装,纺织制造,2024-10-30,2024-10-31,4.82,4.83,0.0021
301125,腾亚精工,机械,专用机械,2024-10-30,2024-10-31,11.02,10.95,-0.0064
920175,东方碳素,有色金属,金属非金属新材料,2024-10-30,2024-10-31,9.4,9.74,0.0362
300935,盈建科,计算机,计算机软件,2024-10-30,2024-10-31,21.2,20.84,-0.017
920925,锦好医疗,医药生物,医疗器械,2024-10-30,2024-10-31,16.0,16.15,0.0094
002778,中晟高科,电力及公用事业,环保及公用事业,2024-10-30,2024-10-31,14.94,15.09,0.01
920436,大地电气,汽车,汽车零部件,2024-10-30,2024-10-31,11.0,12.3,0.1182
688485,九州一轨,机械,运输设备,2024-10-30,2024-10-31,9.22,9.1,-0.013
920090,同辉信息,计算机,计算机应用,2024-10-30,2024-10-31,9.23,8.9,-0.0358
920171,志晟信息,计算机,计算机应用,2024-10-30,2024-10-31,14.91,14.26,-0.0436
688328,深科达,电子,消费电子,2024-10-30,2024-10-31,18.28,17.84,-0.0241
301197,工大科雅,机械,专用机械,2024-10-30,2024-10-31,16.6,16.01,-0.0355
300970,华绿生物,农林牧渔,种植业,2024-10-30,2024-10-31,13.3,12.97,-0.0248
000692,惠天热电,电力及公用事业,环保及公用事业,2024-10-29,2024-10-30,3.62,3.96,0.0939
688638,誉辰智能,机械,专用机械,2024-10-29,2024-10-30,28.71,27.6,-0.0387
920810,春光智能,机械设备,专用设备,2024-10-29,2024-10-30,12.7,12.5,-0.0157
002719,麦趣尔,食品饮料,饮料,2024-10-29,2024-10-30,7.42,7.19,-0.031
920152,昆工科技,有色金属,金属非金属新材料,2024-10-29,2024-10-30,13.9,14.39,0.0353
300749,顶固集创,轻工制造,家居,2024-10-29,2024-10-30,6.72,6.49,-0.0342
300246,宝莱特,医药,其他医药医疗,2024-10-29,2024-10-30,7.42,7.14,-0.0377
002205,国统股份,建材,结构材料,2024-10-29,2024-10-30,8.65,8.9,0.0289
300165,天瑞仪器,机械,仪器仪表Ⅱ,2024-10-29,2024-10-30,3.98,3.89,-0.0226
920970,大禹生物,农林牧渔,饲料,2024-10-29,2024-10-30,6.91,6.91,0.0
002861,瀛通通讯,电子,消费电子,2024-10-29,2024-10-30,13.0,12.4,-0.0462
300462,ST华铭,机械,运输设备,2024-10-29,2024-10-30,10.65,10.3,-0.0329
301372,科净源,电力及公用事业,环保及公用事业,2024-10-29,2024-10-30,24.2,22.88,-0.0545
920748,路桥信息,计算机,计算机应用,2024-10-29,2024-10-30,25.0,29.98,0.1992
301027,华蓝集团,建筑,建筑设计及服务Ⅱ,2024-10-29,2024-10-30,10.76,10.75,-0.0009
300329,海伦钢琴,轻工制造,文娱轻工Ⅱ,2024-10-28,2024-10-29,6.3,6.81,0.081
301228,实朴检测,机械,仪器仪表Ⅱ,2024-10-28,2024-10-29,13.01,13.42,0.0315
688670,金迪克,医药,生物医药Ⅱ,2024-10-28,2024-10-29,14.0,14.47,0.0336
920223,荣亿精密,机械设备,通用机械,2024-10-28,2024-10-29,7.38,7.8,0.0569
301288,*ST清研,电力及公用事业,环保及公用事业,2024-10-28,2024-10-29,16.83,17.33,0.0297
002848,*ST高斯,通信,通信设备,2024-10-28,2024-10-29,9.25,10.38,0.1222
301178,天亿马,计算机,云服务,2024-10-28,2024-10-29,28.6,29.2,0.021
300912,凯龙高科,电力及公用事业,环保及公用事业,2024-10-28,2024-10-29,12.39,12.59,0.0161
300478,杭州高新,基础化工,塑料及制品,2024-10-28,2024-10-29,9.5,10.22,0.0758
002921,联诚精密,汽车,汽车零部件Ⅱ,2024-10-28,2024-10-29,11.0,11.39,0.0355
300126,锐奇股份,机械,通用设备,2024-10-28,2024-10-29,5.56,5.8,0.0432
688021,奥福科技,基础化工,其他化学制品Ⅱ,2024-10-28,2024-10-29,11.43,11.79,0.0315
301075,多瑞医药,医药,化学制药,2024-10-28,2024-10-29,21.66,21.91,0.0115
920146,华阳变速,,,2024-10-25,2024-10-28,8.12,7.38,-0.0911
688309,恒誉环保,机械,专用机械,2024-10-25,2024-10-28,14.37,15.2,0.0578
600802,福建水泥,建材,结构材料,2024-10-25,2024-10-28,3.45,3.48,0.0087
300405,科隆股份,基础化工,化学原料,2024-10-25,2024-10-28,4.91,5.04,0.0265
300594,朗进科技,机械,运输设备,2024-10-25,2024-10-28,18.94,19.79,0.0449
300929,华骐环保,电力及公用事业,环保及公用事业,2024-10-25,2024-10-28,8.71,9.12,0.0471
301040,中环海陆,机械,通用设备,2024-10-25,2024-10-28,14.55,16.04,0.1024
688004,博汇科技,计算机,计算机软件,2024-10-24,2024-10-25,16.13,16.4,0.0167
600768,宁波富邦,有色金属,工业金属,2024-10-23,2024-10-24,8.83,8.97,0.0159
600322,津投城开,房地产,房地产开发和运营,2024-09-04,2024-09-05,1.3,1.3,0.0
002795,永和智控,机械,通用设备,2024-09-02,2024-09-03,3.4,3.35,-0.0147
300391,长药退,医药,中药生产,2024-09-02,2024-09-03,3.44,3.45,0.0029
605178,时空科技,建筑,建筑施工,2024-09-02,2024-09-03,13.25,15.5,0.1698
002058,*ST威尔,电力设备及新能源,电气设备,2024-09-02,2024-09-03,7.44,7.35,-0.0121
300152,ST新动力,电力及公用事业,环保及公用事业,2024-09-02,2024-09-03,1.85,1.88,0.0162
688229,博睿数据,计算机,计算机软件,2024-09-02,2024-09-03,34.53,35.36,0.024
605567,春雪食品,食品饮料,食品,2024-09-02,2024-09-03,7.56,7.55,-0.0013
000691,*ST亚太,基础化工,其他化学制品Ⅱ,2024-09-02,2024-09-03,3.82,3.81,-0.0026
300405,科隆股份,基础化工,化学原料,2024-09-02,2024-09-03,3.75,3.76,0.0027
300564,筑博设计,建筑,建筑设计及服务Ⅱ,2024-09-02,2024-09-03,8.9,8.63,-0.0303
300614,百川畅银,电力及公用事业,环保及公用事业,2024-09-02,2024-09-03,8.66,8.46,-0.0231
301231,荣信文化,传媒,媒体,2024-09-02,2024-09-03,15.51,15.32,-0.0123
688011,新光光电,国防军工,其他军工Ⅱ,2024-09-02,2024-09-03,12.76,12.42,-0.0266
300929,华骐环保,电力及公用事业,环保及公用事业,2024-09-02,2024-09-03,7.18,7.1,-0.0111
301125,腾亚精工,机械,专用机械,2024-09-02,2024-09-03,8.61,8.41,-0.0232
300594,朗进科技,机械,运输设备,2024-09-02,2024-09-03,13.8,13.52,-0.0203
002842,翔鹭钨业,有色金属,稀有金属,2024-09-02,2024-09-03,5.27,5.22,-0.0095
002667,威领股份,机械,专用机械,2024-09-02,2024-09-03,5.81,5.85,0.0069
603810,丰山集团,基础化工,农用化工,2024-09-02,2024-09-03,8.02,8.54,0.0648
002634,棒杰股份,纺织服装,纺织制造,2024-09-02,2024-09-03,2.93,2.91,-0.0068
600408,安泰集团,煤炭,煤炭化工,2024-09-02,2024-09-03,1.51,1.53,0.0132
603616,韩建河山,建材,结构材料,2024-09-02,2024-09-03,2.88,2.88,0.0
300242,佳云科技,传媒,广告营销,2024-09-02,2024-09-03,2.19,2.22,0.0137
000663,永安林业,轻工制造,家居,2024-09-02,2024-09-03,4.2,4.13,-0.0167
688288,鸿泉技术,计算机,计算机设备,2024-09-02,2024-09-03,12.96,12.35,-0.0471
000820,*ST节能,电力及公用事业,环保及公用事业,2024-09-02,2024-09-03,2.41,2.6,0.0788
600107,ST尔雅,纺织服装,纺织制造,2024-09-02,2024-09-03,3.24,3.21,-0.0093
603139,康惠股份,医药,中药生产,2024-09-02,2024-09-03,11.85,11.82,-0.0025
300839,博汇股份,石油石化,石油化工,2024-08-30,2024-09-02,6.07,6.16,0.0148
301178,天亿马,计算机,云服务,2024-08-30,2024-09-02,19.37,19.92,0.0284
603316,诚邦股份,建筑,建筑施工,2024-08-30,2024-09-02,3.63,3.73,0.0275
603813,*ST原尚,交通运输,物流,2024-08-30,2024-09-02,9.06,9.25,0.021
603272,联翔股份,纺织服装,纺织制造,2024-08-30,2024-09-02,8.37,8.67,0.0358
002696,百洋股份,农林牧渔,畜牧业,2024-08-30,2024-09-02,3.75,3.87,0.032
920223,荣亿精密,机械设备,通用机械,2024-08-30,2024-09-02,3.74,3.99,0.0668
300591,万里马,纺织服装,品牌服饰,2024-08-30,2024-09-02,3.01,3.03,0.0066
300329,海伦钢琴,轻工制造,文娱轻工Ⅱ,2024-08-30,2024-09-02,3.89,4.02,0.0334
920719,宁新新材,有色金属,金属非金属新材料,2024-08-30,2024-09-02,7.6,7.61,0.0013
301228,实朴检测,机械,仪器仪表Ⅱ,2024-08-30,2024-09-02,10.0,10.27,0.027
002713,*ST东易,建筑,建筑装修Ⅱ,2024-08-30,2024-09-02,2.29,2.52,0.1004
002211,ST宏达,基础化工,其他化学制品Ⅱ,2024-08-30,2024-09-02,2.66,2.57,-0.0338
688638,誉辰智能,机械,专用机械,2024-08-30,2024-09-02,23.01,23.44,0.0187
300478,杭州高新,基础化工,塑料及制品,2024-08-30,2024-09-02,7.09,7.24,0.0212
920578,巨能股份,机械设备,专用设备,2024-08-30,2024-09-02,11.01,11.49,0.0436
688118,普元信息,计算机,云服务,2024-08-30,2024-09-02,12.11,12.62,0.0421
688058,宝兰德,计算机,计算机软件,2024-08-30,2024-09-02,17.58,18.69,0.0631
002910,庄园牧场,食品饮料,饮料,2024-08-30,2024-09-02,6.06,6.23,0.0281
000590,古汉医药,医药,中药生产,2024-08-30,2024-09-02,5.17,5.21,0.0077
300076,GQY视讯,计算机,计算机设备,2024-08-30,2024-09-02,3.52,3.74,0.0625
688450,光格科技,计算机,计算机设备,2024-08-30,2024-09-02,18.61,18.53,-0.0043
300736,百邦科技,通信,通信设备,2024-08-30,2024-09-02,7.82,8.13,0.0396
300912,凯龙高科,电力及公用事业,环保及公用事业,2024-08-30,2024-09-02,9.45,9.57,0.0127
300955,嘉亨家化,基础化工,其他化学制品Ⅱ,2024-08-30,2024-09-02,12.02,12.23,0.0175
688622,禾信仪器,机械,仪器仪表Ⅱ,2024-08-29,2024-08-30,16.53,16.53,0.0
920642,通易航天,化工,橡胶,2024-08-29,2024-08-30,6.31,6.43,0.019
000757,浩物股份,汽车,汽车销售及服务Ⅱ,2024-08-29,2024-08-30,2.66,2.7,0.015
920508,殷图网联,,,2024-08-29,2024-08-30,12.45,12.4,-0.004
600281,华阳新材,有色金属,稀有金属,2024-08-29,2024-08-30,2.87,2.74,-0.0453
000702,正虹科技,农林牧渔,畜牧业,2024-08-29,2024-08-30,4.24,4.3,0.0142
920970,大禹生物,农林牧渔,饲料,2024-08-29,2024-08-30,3.42,3.48,0.0175
000679,大连友谊,商贸零售,一般零售,2024-08-29,2024-08-30,2.79,2.75,-0.0143
688528,秦川物联,机械,仪器仪表Ⅱ,2024-08-29,2024-08-30,6.86,6.8,-0.0087
000668,*ST荣控,房地产,房地产服务,2024-08-29,2024-08-30,5.95,6.27,0.0538
300871,回盛生物,农林牧渔,畜牧业,2024-08-29,2024-08-30,8.4,8.34,-0.0071
301273,瑞晨环保,机械,专用机械,2024-08-29,2024-08-30,14.39,14.63,0.0167
920152,昆工科技,有色金属,金属非金属新材料,2024-08-29,2024-08-30,7.7,7.82,0.0156
688328,深科达,电子,消费电子,2024-08-29,2024-08-30,11.72,12.27,0.0469
600753,*ST海钦,商贸零售,贸易Ⅱ,2024-08-29,2024-08-30,5.2,5.16,-0.0077
920641,格利尔,电气设备,高低压设备,2024-08-29,2024-08-30,6.8,6.87,0.0103
920436,大地电气,汽车,汽车零部件,2024-08-29,2024-08-30,7.24,7.5,0.0359
688260,昀冢科技,电子,消费电子,2024-08-29,2024-08-30,12.43,13.13,0.0563
603226,菲林格尔,轻工制造,家居,2024-08-29,2024-08-30,3.05,3.09,0.0131
301288,*ST清研,电力及公用事业,环保及公用事业,2024-08-29,2024-08-30,13.7,13.66,-0.0029
301372,科净源,电力及公用事业,环保及公用事业,2024-08-29,2024-08-30,18.96,19.1,0.0074
688296,和达科技,计算机,计算机软件,2024-08-29,2024-08-30,8.44,8.62,0.0213
920305,*ST云创,计算机,计算机应用,2024-08-29,2024-08-30,9.85,9.8,-0.0051
688485,九州一轨,机械,运输设备,2024-08-28,2024-08-29,7.1,7.14,0.0056
300521,爱司凯,机械,专用机械,2024-08-28,2024-08-29,9.63,9.6,-0.0031
688175,高凌信息,计算机,计算机设备,2024-08-28,2024-08-29,11.25,11.6,0.0311
920198,微创光电,,,2024-08-28,2024-08-29,5.04,4.98,-0.0119
920680,广道退,计算机,计算机应用,2024-08-28,2024-08-29,10.61,10.74,0.0123
300165,天瑞仪器,机械,仪器仪表Ⅱ,2024-08-28,2024-08-29,2.33,2.36,0.0129
002719,麦趣尔,食品饮料,饮料,2024-08-28,2024-08-29,5.95,6.07,0.0202
301040,中环海陆,机械,通用设备,2024-08-28,2024-08-29,9.75,10.02,0.0277
600857,宁波中百,商贸零售,贸易Ⅱ,2024-08-28,2024-08-29,5.25,5.29,0.0076
300749,顶固集创,轻工制造,家居,2024-08-28,2024-08-29,5.0,5.15,0.03
920856,浩淼科技,,,2024-08-28,2024-08-29,4.5,4.5,0.0
301075,多瑞医药,医药,化学制药,2024-08-28,2024-08-29,17.0,17.58,0.0341
301027,华蓝集团,建筑,建筑设计及服务Ⅱ,2024-08-28,2024-08-29,8.93,8.74,-0.0213
920300,辰光医疗,机械设备,专用设备,2024-08-28,2024-08-29,6.79,6.8,0.0015
920873,中设咨询,建筑装饰,专业工程,2024-08-28,2024-08-29,3.13,2.96,-0.0543
300665,飞鹿股份,基础化工,其他化学制品Ⅱ,2024-08-28,2024-08-29,4.95,4.99,0.0081
300198,ST纳川,建材,专用材料Ⅱ,2024-08-28,2024-08-29,1.3,1.3,0.0
000586,汇源通信,通信,通信设备,2024-08-28,2024-08-29,6.89,6.95,0.0087
688329,艾隆科技,计算机,计算机软件,2024-08-28,2024-08-29,12.65,12.75,0.0079
300605,恒锋信息,计算机,计算机软件,2024-08-28,2024-08-29,8.99,9.06,0.0078
920476,海能技术,机械设备,仪器仪表,2024-08-27,2024-08-28,6.66,6.05,-0.0916
920810,春光智能,机械设备,专用设备,2024-08-27,2024-08-28,5.85,5.54,-0.053
920370,新安洁,,,2024-08-26,2024-08-27,1.85,1.87,0.0108
920564,天润科技,计算机,计算机应用,2024-08-26,2024-08-27,9.51,9.77,0.0273
920171,志晟信息,计算机,计算机应用,2024-08-26,2024-08-27,5.92,6.06,0.0236
002857,三晖电气,机械,仪器仪表Ⅱ,2024-08-26,2024-08-27,9.72,9.77,0.0051
600156,华升股份,纺织服装,纺织制造,2024-08-26,2024-08-27,2.94,3.01,0.0238
688619,罗普特,电子,光学光电,2024-08-26,2024-08-27,6.0,6.08,0.0133
600302,标准股份,机械,专用机械,2024-08-26,2024-08-27,3.36,3.48,0.0357
300935,盈建科,计算机,计算机软件,2024-08-26,2024-08-27,16.56,18.3,0.1051
688455,科捷智能,机械,专用机械,2024-08-26,2024-08-27,7.73,7.93,0.0259
600847,万里股份,电力设备及新能源,电源设备,2024-08-26,2024-08-27,6.96,6.97,0.0014
920592,华信永道,计算机,计算机应用,2024-08-23,2024-08-26,15.88,16.29,0.0258
688004,博汇科技,计算机,计算机软件,2024-08-23,2024-08-26,10.0,10.02,0.002
600791,京能置业,房地产,房地产开发和运营,2024-08-23,2024-08-26,3.2,3.16,-0.0125
920768,拾比佰,,,2024-08-23,2024-08-26,4.11,4.08,-0.0073
002207,准油股份,石油石化,油服工程,2024-08-22,2024-08-23,4.32,4.34,0.0046
688670,金迪克,医药,生物医药Ⅱ,2024-08-22,2024-08-23,10.68,10.6,-0.0075
920145,恒合股份,机械设备,专用设备,2024-08-22,2024-08-23,4.81,4.73,-0.0166
002848,*ST高斯,通信,通信设备,2024-08-21,2024-08-22,6.58,6.69,0.0167
603268,*ST松发,机械,运输设备,2024-08-21,2024-08-22,12.1,12.53,0.0355
600243,*ST海华,机械,通用设备,2024-08-21,2024-08-22,2.98,3.02,0.0134
300892,品渥食品,食品饮料,食品,2024-08-20,2024-08-21,14.8,14.6,-0.0135
920146,华阳变速,,,2024-08-19,2024-08-20,4.65,4.52,-0.028
300030,阳普医疗,医药,其他医药医疗,2024-08-16,2024-08-19,4.12,4.17,0.0121
300472,*ST新元,机械,专用机械,2024-08-14,2024-08-15,5.01,5.06,0.01
603838,*ST四通,建材,装饰材料,2024-08-14,2024-08-15,4.26,4.29,0.007
600768,宁波富邦,有色金属,工业金属,2024-08-14,2024-08-15,7.44,7.29,-0.0202
002513,蓝丰生化,基础化工,农用化工,2024-08-07,2024-08-08,3.5,3.44,-0.0171
301037,保立佳,基础化工,其他化学制品Ⅱ,2024-08-02,2024-08-05,9.05,8.86,-0.021
920171,志晟信息,计算机,计算机应用,2024-07-05,2024-07-08,5.83,5.89,0.0103
600358,ST联合,消费者服务,旅游及休闲,2024-05-06,2024-05-07,3.46,3.49,0.0087
002620,ST瑞和,建筑,建筑装修Ⅱ,2024-05-06,2024-05-07,3.12,3.31,0.0609
000004,*ST国华,计算机,计算机软件,2024-05-06,2024-05-07,9.99,10.53,0.0541
600281,华阳新材,有色金属,稀有金属,2024-05-06,2024-05-07,3.24,3.38,0.0432
603316,诚邦股份,建筑,建筑施工,2024-05-06,2024-05-07,4.31,4.55,0.0557
002114,罗平锌电,有色金属,工业金属,2024-05-06,2024-05-07,5.07,5.18,0.0217
600107,ST尔雅,纺织服装,纺织制造,2024-05-06,2024-05-07,4.59,4.53,-0.0131
002713,*ST东易,建筑,建筑装修Ⅱ,2024-05-06,2024-05-07,4.03,4.14,0.0273
603729,龙韵股份,传媒,广告营销,2024-05-06,2024-05-07,19.15,19.3,0.0078
603086,先达股份,基础化工,农用化工,2024-05-06,2024-05-07,4.09,4.31,0.0538
300152,ST新动力,电力及公用事业,环保及公用事业,2024-05-06,2024-05-07,2.3,2.26,-0.0174
000679,大连友谊,商贸零售,一般零售,2024-05-06,2024-05-07,3.3,3.39,0.0273
600243,*ST海华,机械,通用设备,2024-05-06,2024-05-07,3.57,3.68,0.0308
600561,江西长运,交通运输,公路铁路,2024-05-06,2024-05-07,4.35,4.47,0.0276
600355,*ST精伦,通信,通信设备,2024-05-06,2024-05-07,3.43,3.46,0.0087
000638,*ST万方,综合,综合Ⅱ,2024-05-06,2024-05-07,4.22,4.4,0.0427
688227,品高股份,计算机,云服务,2024-05-06,2024-05-07,13.6,13.82,0.0162
603616,韩建河山,建材,结构材料,2024-05-06,2024-05-07,3.59,3.58,-0.0028
002513,蓝丰生化,基础化工,农用化工,2024-05-06,2024-05-07,4.11,4.24,0.0316
000890,法尔胜,电力及公用事业,环保及公用事业,2024-05-06,2024-05-07,3.51,3.55,0.0114
000691,*ST亚太,基础化工,其他化学制品Ⅱ,2024-05-06,2024-05-07,3.62,3.7,0.0221
603226,菲林格尔,轻工制造,家居,2024-05-06,2024-05-07,3.82,4.16,0.089
600321,正源股份,建材,装饰材料,2024-05-06,2024-05-07,0.95,0.98,0.0316
002775,文科股份,建筑,建筑施工,2024-05-06,2024-05-07,2.52,2.54,0.0079
603356,华菱精工,机械,工程机械Ⅱ,2024-05-06,2024-05-07,12.26,12.33,0.0057
600847,万里股份,电力设备及新能源,电源设备,2024-05-06,2024-05-07,7.25,7.75,0.069
300391,长药退,医药,中药生产,2024-05-06,2024-05-07,3.72,3.81,0.0242
605303,园林股份,建筑,建筑施工,2024-05-06,2024-05-07,7.82,8.2,0.0486
002193,如意集团,纺织服装,纺织制造,2024-05-06,2024-05-07,3.76,4.04,0.0745
002629,仁智股份,机械,专用机械,2024-05-06,2024-05-07,2.37,2.51,0.0591
688011,新光光电,国防军工,其他军工Ⅱ,2024-05-06,2024-05-07,16.66,16.96,0.018
688622,禾信仪器,机械,仪器仪表Ⅱ,2024-05-06,2024-05-07,18.69,18.9,0.0112
002529,*ST海源,机械,专用机械,2024-04-30,2024-05-06,6.85,6.92,0.0102
300637,扬帆新材,基础化工,其他化学制品Ⅱ,2024-04-30,2024-05-06,7.62,7.6,-0.0026
301228,实朴检测,机械,仪器仪表Ⅱ,2024-04-30,2024-05-06,11.54,11.2,-0.0295
002622,皓宸医疗,医药,其他医药医疗,2024-04-30,2024-05-06,2.03,2.11,0.0394
301182,凯旺科技,电子,其他电子零组件Ⅱ,2024-04-30,2024-05-06,16.39,16.49,0.0061
920152,昆工科技,有色金属,金属非金属新材料,2024-04-30,2024-05-06,10.91,10.4,-0.0467
300521,爱司凯,机械,专用机械,2024-04-30,2024-05-06,9.57,9.52,-0.0052
920198,微创光电,,,2024-04-30,2024-05-06,5.86,6.55,0.1177
002247,聚力文化,建材,装饰材料,2024-04-30,2024-05-06,1.49,1.39,-0.0671
002205,国统股份,建材,结构材料,2024-04-30,2024-05-06,7.39,7.45,0.0081
300591,万里马,纺织服装,品牌服饰,2024-04-30,2024-05-06,3.97,3.98,0.0025
300892,品渥食品,食品饮料,食品,2024-04-30,2024-05-06,15.61,15.6,-0.0006
605178,时空科技,建筑,建筑施工,2024-04-30,2024-05-06,14.4,13.91,-0.034
688296,和达科技,计算机,计算机软件,2024-04-30,2024-05-06,10.57,10.84,0.0255
920768,拾比佰,,,2024-04-30,2024-05-06,4.29,4.39,0.0233
920970,大禹生物,农林牧渔,饲料,2024-04-30,2024-05-06,7.08,7.36,0.0395
300270,中威电子,计算机,计算机设备,2024-04-30,2024-05-06,5.88,5.92,0.0068
300165,天瑞仪器,机械,仪器仪表Ⅱ,2024-04-29,2024-04-30,3.41,3.65,0.0704
300594,朗进科技,机械,运输设备,2024-04-29,2024-04-30,17.48,16.98,-0.0286
002667,威领股份,机械,专用机械,2024-04-29,2024-04-30,7.03,7.32,0.0413
000757,浩物股份,汽车,汽车销售及服务Ⅱ,2024-04-29,2024-04-30,3.2,3.39,0.0594
920145,恒合股份,机械设备,专用设备,2024-04-29,2024-04-30,5.05,5.12,0.0139
603813,*ST原尚,交通运输,物流,2024-04-29,2024-04-30,10.83,11.33,0.0462
002861,瀛通通讯,电子,消费电子,2024-04-29,2024-04-30,9.11,9.39,0.0307
000953,河化股份,医药,化学制药,2024-04-29,2024-04-30,3.07,3.33,0.0847
301037,保立佳,基础化工,其他化学制品Ⅱ,2024-04-29,2024-04-30,12.88,13.6,0.0559
920223,荣亿精密,机械设备,通用机械,2024-04-29,2024-04-30,3.01,3.11,0.0332
688528,秦川物联,机械,仪器仪表Ⅱ,2024-04-29,2024-04-30,7.7,8.2,0.0649
300329,海伦钢琴,轻工制造,文娱轻工Ⅱ,2024-04-29,2024-04-30,4.32,4.6,0.0648
600889,南京化纤,基础化工,化学纤维,2024-04-29,2024-04-30,3.89,4.11,0.0566
603389,*ST亚振,轻工制造,家居,2024-04-29,2024-04-30,4.66,4.71,0.0107
605081,*ST太和,电力及公用事业,环保及公用事业,2024-04-29,2024-04-30,10.14,10.8,0.0651
688622,禾信仪器,机械,仪器仪表Ⅱ,2024-04-29,2024-04-30,17.22,18.29,0.0621
688455,科捷智能,机械,专用机械,2024-04-29,2024-04-30,8.8,9.06,0.0295
300242,佳云科技,传媒,广告营销,2024-04-29,2024-04-30,2.54,2.71,0.0669
001211,双枪科技,轻工制造,家居,2024-04-29,2024-04-30,17.78,17.28,-0.0281
000890,法尔胜,电力及公用事业,环保及公用事业,2024-04-29,2024-04-30,3.47,3.56,0.0259
300935,盈建科,计算机,计算机软件,2024-04-29,2024-04-30,16.8,17.95,0.0685
300472,*ST新元,机械,专用机械,2024-04-29,2024-04-30,5.62,5.71,0.016
600847,万里股份,电力设备及新能源,电源设备,2024-04-29,2024-04-30,6.89,7.37,0.0697
600802,福建水泥,建材,结构材料,2024-04-29,2024-04-30,3.29,3.48,0.0578
920981,晶赛科技,电子,电子制造,2024-04-29,2024-04-30,12.12,12.46,0.0281
688118,普元信息,计算机,云服务,2024-04-29,2024-04-30,15.75,16.71,0.061
688081,兴图新科,国防军工,其他军工Ⅱ,2024-04-29,2024-04-30,10.48,10.51,0.0029
920300,辰光医疗,机械设备,专用设备,2024-04-29,2024-04-30,8.19,8.38,0.0232
920305,*ST云创,计算机,计算机应用,2024-04-29,2024-04-30,11.22,11.6,0.0339
002207,准油股份,石油石化,油服工程,2024-04-29,2024-04-30,5.29,5.34,0.0095
300614,百川畅银,电力及公用事业,环保及公用事业,2024-04-29,2024-04-30,10.42,11.06,0.0614
920370,新安洁,,,2024-04-29,2024-04-30,2.21,2.25,0.0181
002778,中晟高科,电力及公用事业,环保及公用事业,2024-04-26,2024-04-29,11.07,11.32,0.0226
300588,熙菱信息,计算机,计算机软件,2024-04-26,2024-04-29,8.21,8.59,0.0463
688316,青云科技-U,计算机,云服务,2024-04-26,2024-04-29,34.54,35.21,0.0194
300405,科隆股份,基础化工,化学原料,2024-04-26,2024-04-29,4.2,4.22,0.0048
300865,大宏立,机械,专用机械,2024-04-26,2024-04-29,14.19,13.8,-0.0275
300417,南华仪器,机械,仪器仪表Ⅱ,2024-04-26,2024-04-29,7.19,7.3,0.0153
688004,博汇科技,计算机,计算机软件,2024-04-26,2024-04-29,17.0,17.6,0.0353
300385,雪浪环境,电力及公用事业,环保及公用事业,2024-04-26,2024-04-29,4.06,4.02,-0.0099
300103,达刚控股,机械,专用机械,2024-04-26,2024-04-29,3.95,3.95,0.0
300333,兆日科技,计算机,计算机设备,2024-04-26,2024-04-29,4.6,4.74,0.0304
002842,翔鹭钨业,有色金属,稀有金属,2024-04-26,2024-04-29,5.91,5.96,0.0085
300462,ST华铭,机械,运输设备,2024-04-26,2024-04-29,7.82,8.3,0.0614
002591,恒大高新,基础化工,其他化学制品Ⅱ,2024-04-26,2024-04-29,4.31,4.35,0.0093
000702,正虹科技,农林牧渔,畜牧业,2024-04-26,2024-04-29,3.84,3.87,0.0078
301040,中环海陆,机械,通用设备,2024-04-26,2024-04-29,11.52,11.52,0.0
920171,志晟信息,计算机,计算机应用,2024-04-26,2024-04-29,6.08,6.0,-0.0132
920873,中设咨询,建筑装饰,专业工程,2024-04-26,2024-04-29,3.25,3.16,-0.0277
600692,亚通股份,房地产,房地产开发和运营,2024-04-25,2024-04-26,4.75,4.87,0.0253
300300,海峡创新,计算机,计算机软件,2024-04-25,2024-04-26,2.4,2.41,0.0042
300637,扬帆新材,基础化工,其他化学制品Ⅱ,2024-04-25,2024-04-26,6.87,7.15,0.0408
300716,ST泉为,基础化工,塑料及制品,2024-04-25,2024-04-26,7.7,7.83,0.0169
002719,麦趣尔,食品饮料,饮料,2024-04-24,2024-04-25,6.63,6.86,0.0347
688216,气派科技,电子,半导体,2024-04-24,2024-04-25,14.64,14.87,0.0157
300886,华业香料,基础化工,其他化学制品Ⅱ,2024-04-24,2024-04-25,15.8,15.73,-0.0044
002848,*ST高斯,通信,通信设备,2024-04-24,2024-04-25,7.23,7.48,0.0346
688619,罗普特,电子,光学光电,2024-04-24,2024-04-25,7.84,8.1,0.0332
920300,辰光医疗,机械设备,专用设备,2024-04-24,2024-04-25,8.29,8.17,-0.0145
300967,晓鸣股份,农林牧渔,畜牧业,2024-04-22,2024-04-23,8.46,8.88,0.0496
920146,华阳变速,,,2024-04-22,2024-04-23,3.74,3.65,-0.0241
002199,*ST东晶,电子,元器件,2024-04-19,2024-04-22,5.59,5.6,0.0018
000929,*ST兰黄,食品饮料,酒类,2024-04-19,2024-04-22,7.1,7.12,0.0028
000679,大连友谊,商贸零售,一般零售,2024-04-19,2024-04-22,3.2,3.1,-0.0313
688004,博汇科技,计算机,计算机软件,2024-04-19,2024-04-22,16.29,15.85,-0.027
300892,品渥食品,食品饮料,食品,2024-04-19,2024-04-22,13.9,13.63,-0.0194
600302,标准股份,机械,专用机械,2024-04-19,2024-04-22,3.87,3.82,-0.0129
920370,新安洁,,,2024-04-19,2024-04-22,2.16,2.16,0.0
600243,*ST海华,机械,通用设备,2024-04-17,2024-04-18,3.05,3.54,0.1607
002494,华斯股份,纺织服装,纺织制造,2024-04-17,2024-04-18,3.01,3.38,0.1229
002848,*ST高斯,通信,通信设备,2024-04-17,2024-04-18,6.51,7.3,0.1214
688296,和达科技,计算机,计算机软件,2024-04-15,2024-04-16,9.81,8.88,-0.0948
002775,文科股份,建筑,建筑施工,2024-04-15,2024-04-16,2.64,2.35,-0.1098
300935,盈建科,计算机,计算机软件,2024-04-15,2024-04-16,17.47,16.12,-0.0773
000809,和展能源,房地产,房地产开发和运营,2024-04-12,2024-04-15,1.66,1.54,-0.0723
300076,GQY视讯,计算机,计算机设备,2024-04-11,2024-04-12,3.99,4.05,0.015
920305,*ST云创,计算机,计算机应用,2024-04-11,2024-04-12,12.85,12.58,-0.021
000702,正虹科技,农林牧渔,畜牧业,2024-04-10,2024-04-11,4.61,4.44,-0.0369
600889,南京化纤,基础化工,化学纤维,2024-04-01,2024-04-02,4.49,4.75,0.0579
300865,大宏立,机械,专用机械,2024-04-01,2024-04-02,15.46,15.67,0.0136
920146,华阳变速,,,2024-03-22,2024-03-25,4.96,4.86,-0.0202
002629,仁智股份,机械,专用机械,2024-03-19,2024-03-20,3.12,3.09,-0.0096
002420,毅昌科技,家电,黑色家电Ⅱ,2024-03-18,2024-03-19,4.46,4.6,0.0314
002193,如意集团,纺织服装,纺织制造,2024-03-18,2024-03-19,4.65,4.76,0.0237
300956,英力股份,电子,消费电子,2024-01-26,2024-01-29,15.81,15.81,0.0
000691,*ST亚太,基础化工,其他化学制品Ⅱ,2023-12-27,2023-12-28,4.97,5.07,0.0201
002652,扬子新材,建材,专用材料Ⅱ,2023-12-14,2023-12-15,3.3,3.26,-0.0121
603356,华菱精工,机械,工程机械Ⅱ,2023-11-30,2023-12-01,13.69,13.45,-0.0175
603789,*ST星农,机械,专用机械,2023-11-17,2023-11-20,8.82,8.92,0.0113
603226,菲林格尔,轻工制造,家居,2023-11-01,2023-11-02,5.62,5.65,0.0053
002316,亚联发展,综合金融,多领域控股Ⅱ,2023-11-01,2023-11-02,5.88,5.93,0.0085
688193,仁度生物,医药,其他医药医疗,2023-11-01,2023-11-02,48.19,49.0,0.0168
000679,大连友谊,商贸零售,一般零售,2023-11-01,2023-11-02,5.39,5.45,0.0111
002910,庄园牧场,食品饮料,饮料,2023-11-01,2023-11-02,10.79,10.9,0.0102
605069,正和生态,建筑,建筑施工,2023-11-01,2023-11-02,10.33,10.25,-0.0077
002719,麦趣尔,食品饮料,饮料,2023-11-01,2023-11-02,10.88,10.58,-0.0276
000691,*ST亚太,基础化工,其他化学制品Ⅱ,2023-11-01,2023-11-02,4.67,4.73,0.0128
688115,思林杰,机械,通用设备,2023-11-01,2023-11-02,31.71,31.92,0.0066
002205,国统股份,建材,结构材料,2023-11-01,2023-11-02,10.6,10.25,-0.033
000638,*ST万方,综合,综合Ⅱ,2023-11-01,2023-11-02,6.46,6.5,0.0062
603717,天域生物,建筑,建筑施工,2023-11-01,2023-11-02,6.85,6.86,0.0015
688622,禾信仪器,机械,仪器仪表Ⅱ,2023-11-01,2023-11-02,33.0,34.18,0.0358
002211,ST宏达,基础化工,其他化学制品Ⅱ,2023-11-01,2023-11-02,3.87,3.96,0.0233
002806,华锋股份,汽车,汽车零部件Ⅱ,2023-10-31,2023-11-01,11.61,11.63,0.0017
920508,殷图网联,,,2023-10-31,2023-11-01,5.76,5.87,0.0191
002058,*ST威尔,电力设备及新能源,电气设备,2023-10-31,2023-11-01,11.58,11.54,-0.0035
920090,同辉信息,计算机,计算机应用,2023-10-31,2023-11-01,2.35,2.36,0.0043
603356,华菱精工,机械,工程机械Ⅱ,2023-10-31,2023-11-01,13.3,13.25,-0.0038
920305,*ST云创,计算机,计算机应用,2023-10-31,2023-11-01,12.42,12.27,-0.0121
920768,拾比佰,,,2023-10-31,2023-11-01,3.9,3.92,0.0051
920436,大地电气,汽车,汽车零部件,2023-10-31,2023-11-01,5.42,5.35,-0.0129
300210,森远股份,机械,专用机械,2023-10-27,2023-11-01,4.17,5.2,0.247
002842,翔鹭钨业,有色金属,稀有金属,2023-10-31,2023-11-01,8.52,8.53,0.0012
000890,法尔胜,电力及公用事业,环保及公用事业,2023-10-31,2023-11-01,4.49,4.51,0.0045
920981,晶赛科技,电子,电子制造,2023-10-31,2023-11-01,10.71,10.6,-0.0103
002633,申科股份,机械,通用设备,2023-10-30,2023-10-31,10.5,10.6,0.0095
300849,锦盛新材,轻工制造,包装印刷,2023-10-30,2023-10-31,11.34,11.68,0.03
600156,华升股份,纺织服装,纺织制造,2023-10-30,2023-10-31,4.63,4.66,0.0065
301182,凯旺科技,电子,其他电子零组件Ⅱ,2023-10-30,2023-10-31,23.38,24.22,0.0359
300076,GQY视讯,计算机,计算机设备,2023-10-30,2023-10-31,4.84,5.0,0.0331
920239,长虹能源,,,2023-10-30,2023-10-31,9.62,9.98,0.0374
301228,实朴检测,机械,仪器仪表Ⅱ,2023-10-30,2023-10-31,17.29,17.54,0.0145
603389,*ST亚振,轻工制造,家居,2023-10-30,2023-10-31,6.1,6.09,-0.0016
920198,微创光电,,,2023-10-30,2023-10-31,3.89,3.84,-0.0129
688528,秦川物联,机械,仪器仪表Ⅱ,2023-10-30,2023-10-31,10.3,10.48,0.0175
920223,荣亿精密,机械设备,通用机械,2023-10-30,2023-10-31,2.46,2.5,0.0163
300270,中威电子,计算机,计算机设备,2023-10-30,2023-10-31,6.95,7.21,0.0374
600538,国发股份,综合,综合Ⅱ,2023-10-30,2023-10-31,4.31,4.42,0.0255
002861,瀛通通讯,电子,消费电子,2023-10-30,2023-10-31,12.05,12.62,0.0473
002114,罗平锌电,有色金属,工业金属,2023-10-30,2023-10-31,6.72,6.87,0.0223
600148,长春一东,汽车,汽车零部件Ⅱ,2023-10-30,2023-10-31,16.55,16.23,-0.0193
920146,华阳变速,,,2023-10-30,2023-10-31,2.39,2.37,-0.0084
300949,奥雅股份,建筑,建筑设计及服务Ⅱ,2023-10-30,2023-10-31,37.94,37.45,-0.0129
002691,冀凯股份,机械,专用机械,2023-10-30,2023-10-31,6.0,6.15,0.025
001211,双枪科技,轻工制造,家居,2023-10-30,2023-10-31,22.96,23.57,0.0266
600421,*ST华嵘,机械,通用设备,2023-10-30,2023-10-31,9.73,9.74,0.001
920207,众诚科技,计算机,计算机应用,2023-10-30,2023-10-31,5.06,4.99,-0.0138
002207,准油股份,石油石化,油服工程,2023-10-30,2023-10-31,7.4,7.5,0.0135
300961,深水海纳,电力及公用事业,环保及公用事业,2023-10-30,2023-10-31,10.4,10.58,0.0173
000608,*ST阳光,房地产,房地产开发和运营,2023-10-30,2023-10-31,2.81,2.84,0.0107
603963,*ST大药,医药,中药生产,2023-10-30,2023-10-31,10.49,11.0,0.0486
300242,佳云科技,传媒,广告营销,2023-10-30,2023-10-31,3.12,3.38,0.0833
000622,恒立退,综合,综合Ⅱ,2023-10-27,2023-10-30,4.44,4.5,0.0135
300338,ST开元,消费者服务,教育,2023-10-27,2023-10-30,4.21,4.14,-0.0166
600889,南京化纤,基础化工,化学纤维,2023-10-27,2023-10-30,5.04,5.08,0.0079
600561,江西长运,交通运输,公路铁路,2023-10-27,2023-10-30,6.2,6.17,-0.0048
002629,仁智股份,机械,专用机械,2023-10-27,2023-10-30,4.08,4.13,0.0123
002652,扬子新材,建材,专用材料Ⅱ,2023-10-27,2023-10-30,3.15,3.14,-0.0032
002857,三晖电气,机械,仪器仪表Ⅱ,2023-10-27,2023-10-30,17.74,17.99,0.0141
300163,先锋新材,建材,专用材料Ⅱ,2023-10-27,2023-10-30,3.57,3.63,0.0168
003004,*ST声迅,电子,光学光电,2023-10-27,2023-10-30,27.14,26.72,-0.0155
920970,大禹生物,农林牧渔,饲料,2023-10-27,2023-10-30,3.2,3.21,0.0031
300736,百邦科技,通信,通信设备,2023-10-27,2023-10-30,13.48,13.84,0.0267
000702,正虹科技,农林牧渔,畜牧业,2023-10-27,2023-10-30,5.57,5.62,0.009
603536,惠发食品,食品饮料,食品,2023-10-27,2023-10-30,7.89,7.91,0.0025
300340,科恒股份,基础化工,其他化学制品Ⅱ,2023-10-27,2023-10-30,10.62,11.03,0.0386
920145,恒合股份,机械设备,专用设备,2023-10-27,2023-10-30,4.45,4.5,0.0112
920171,志晟信息,计算机,计算机应用,2023-10-27,2023-10-30,3.64,3.67,0.0082
002494,华斯股份,纺织服装,纺织制造,2023-10-27,2023-10-30,5.01,5.08,0.014
688038,中科通达,计算机,计算机软件,2023-10-26,2023-10-27,12.8,13.0,0.0156
301001,凯淳股份,商贸零售,电商及服务Ⅱ,2023-10-26,2023-10-27,25.88,25.56,-0.0124
300810,中科海讯,国防军工,其他军工Ⅱ,2023-10-26,2023-10-27,19.51,20.05,0.0277
300334,津膜科技,电力及公用事业,环保及公用事业,2023-10-26,2023-10-27,7.57,7.55,-0.0026
300637,扬帆新材,基础化工,其他化学制品Ⅱ,2023-10-26,2023-10-27,8.49,8.36,-0.0153
300117,*ST嘉寓,建筑,建筑施工,2023-10-26,2023-10-27,2.73,2.72,-0.0037
600778,友好集团,商贸零售,一般零售,2023-10-26,2023-10-27,6.07,5.99,-0.0132
300103,达刚控股,机械,专用机械,2023-10-26,2023-10-27,6.26,6.53,0.0431
300716,ST泉为,基础化工,塑料及制品,2023-10-26,2023-10-27,11.56,11.33,-0.0199
300956,英力股份,电子,消费电子,2023-10-26,2023-10-27,17.43,18.04,0.035
002193,如意集团,纺织服装,纺织制造,2023-10-26,2023-10-27,6.37,6.36,-0.0016
300152,ST新动力,电力及公用事业,环保及公用事业,2023-10-26,2023-10-27,2.86,2.85,-0.0035
300391,长药退,医药,中药生产,2023-10-26,2023-10-27,6.2,6.17,-0.0048
688109,品茗科技,计算机,计算机软件,2023-10-26,2023-10-27,24.3,24.38,0.0033
301027,华蓝集团,建筑,建筑设计及服务Ⅱ,2023-10-26,2023-10-27,12.17,11.75,-0.0345
002848,*ST高斯,通信,通信设备,2023-10-25,2023-10-26,10.8,10.82,0.0019
300675,建科院,建筑,建筑设计及服务Ⅱ,2023-10-25,2023-10-26,14.98,14.44,-0.036
300417,南华仪器,机械,仪器仪表Ⅱ,2023-10-25,2023-10-26,11.5,11.6,0.0087
000609,ST中迪,房地产,房地产开发和运营,2023-10-25,2023-10-26,6.1,6.09,-0.0016
301049,超越科技,电力及公用事业,环保及公用事业,2023-10-25,2023-10-26,23.13,23.69,0.0242
688004,博汇科技,计算机,计算机软件,2023-10-20,2023-10-23,27.6,26.79,-0.0293
301182,凯旺科技,电子,其他电子零组件Ⅱ,2023-09-04,2023-09-05,23.29,24.97,0.0721
603188,亚邦股份,基础化工,其他化学制品Ⅱ,2023-09-01,2023-09-04,3.74,3.78,0.0107
002316,亚联发展,综合金融,多领域控股Ⅱ,2023-09-01,2023-09-04,5.55,5.44,-0.0198
300074,华平股份,计算机,计算机设备,2023-09-01,2023-09-04,4.45,4.39,-0.0135
603023,威帝股份,汽车,汽车零部件Ⅱ,2023-09-01,2023-09-04,4.27,4.27,0.0
600539,狮头股份,商贸零售,电商及服务Ⅱ,2023-09-01,2023-09-04,6.94,6.97,0.0043
605303,园林股份,建筑,建筑施工,2023-09-01,2023-09-04,11.78,11.95,0.0144
605178,时空科技,建筑,建筑施工,2023-09-01,2023-09-04,21.6,21.7,0.0046
688115,思林杰,机械,通用设备,2023-09-01,2023-09-04,32.64,32.61,-0.0009
603329,上海雅仕,交通运输,物流,2023-09-01,2023-09-04,12.98,13.04,0.0046
002513,蓝丰生化,基础化工,农用化工,2023-09-01,2023-09-04,6.02,6.04,0.0033
000638,*ST万方,综合,综合Ⅱ,2023-09-01,2023-09-04,6.52,6.46,-0.0092
600149,廊坊发展,电力及公用事业,环保及公用事业,2023-09-01,2023-09-04,5.45,5.46,0.0018
600083,*ST博信,综合,综合Ⅱ,2023-09-01,2023-09-04,7.13,7.1,-0.0042
603717,天域生物,建筑,建筑施工,2023-09-01,2023-09-04,6.99,7.26,0.0386
600421,*ST华嵘,机械,通用设备,2023-09-01,2023-09-04,10.01,10.0,-0.001
300242,佳云科技,传媒,广告营销,2023-09-01,2023-09-04,3.42,3.4,-0.0058
688069,德林海,电力及公用事业,环保及公用事业,2023-09-01,2023-09-04,20.65,20.54,-0.0053
603616,韩建河山,建材,结构材料,2023-09-01,2023-09-04,5.61,5.61,0.0
002211,ST宏达,基础化工,其他化学制品Ⅱ,2023-08-31,2023-09-01,3.87,3.9,0.0078
920768,拾比佰,,,2023-08-31,2023-09-01,4.16,4.14,-0.0048
002725,跃岭股份,汽车,汽车零部件Ⅱ,2023-08-31,2023-09-01,9.37,9.32,-0.0053
300670,大烨智能,电力设备及新能源,电气设备,2023-08-31,2023-09-01,7.54,7.55,0.0013
688701,卓锦股份,电力及公用事业,环保及公用事业,2023-08-31,2023-09-01,9.96,9.75,-0.0211
603316,诚邦股份,建筑,建筑施工,2023-08-31,2023-09-01,7.03,6.8,-0.0327
920223,荣亿精密,机械设备,通用机械,2023-08-31,2023-09-01,2.77,2.71,-0.0217
003004,*ST声迅,电子,光学光电,2023-08-31,2023-09-01,27.5,27.35,-0.0055
688011,新光光电,国防军工,其他军工Ⅱ,2023-08-31,2023-09-01,23.41,23.48,0.003
688622,禾信仪器,机械,仪器仪表Ⅱ,2023-08-31,2023-09-01,33.46,33.21,-0.0075
688288,鸿泉技术,计算机,计算机设备,2023-08-31,2023-09-01,23.24,23.29,0.0022
300405,科隆股份,基础化工,化学原料,2023-08-31,2023-09-01,5.86,5.87,0.0017
600615,鑫源智造,有色金属,工业金属,2023-08-31,2023-09-01,9.09,8.93,-0.0176
688081,兴图新科,国防军工,其他军工Ⅱ,2023-08-31,2023-09-01,16.61,16.34,-0.0163
300449,汉邦高科,计算机,计算机软件,2023-08-31,2023-09-01,6.08,6.02,-0.0099
603356,华菱精工,机械,工程机械Ⅱ,2023-08-31,2023-09-01,13.22,13.18,-0.003
600692,亚通股份,房地产,房地产开发和运营,2023-08-31,2023-09-01,6.4,6.17,-0.0359
300163,先锋新材,建材,专用材料Ⅱ,2023-08-31,2023-09-01,3.44,3.42,-0.0058
603608,天创时尚,纺织服装,品牌服饰,2023-08-31,2023-09-01,4.89,4.84,-0.0102
300013,新宁物流,交通运输,物流,2023-08-31,2023-09-01,3.93,3.9,-0.0076
300218,安利股份,基础化工,塑料及制品,2023-08-30,2023-08-31,9.87,10.0,0.0132
300478,杭州高新,基础化工,塑料及制品,2023-08-30,2023-08-31,10.94,11.11,0.0155
600119,长江投资,交通运输,物流,2023-08-30,2023-08-31,6.21,6.16,-0.0081
603332,苏州龙杰,基础化工,化学纤维,2023-08-30,2023-08-31,8.47,8.63,0.0189
002199,*ST东晶,电子,元器件,2023-08-30,2023-08-31,8.18,8.2,0.0024
920198,微创光电,,,2023-08-30,2023-08-31,4.11,4.11,0.0
002719,麦趣尔,食品饮料,饮料,2023-08-30,2023-08-31,11.2,11.2,0.0
688565,力源科技,机械,专用机械,2023-08-30,2023-08-31,8.96,9.28,0.0357
688229,博睿数据,计算机,计算机软件,2023-08-30,2023-08-31,44.64,46.78,0.0479
300103,达刚控股,机械,专用机械,2023-08-30,2023-08-31,6.21,6.31,0.0161
301027,华蓝集团,建筑,建筑设计及服务Ⅱ,2023-08-30,2023-08-31,14.2,13.75,-0.0317
300710,万隆光电,通信,通信设备,2023-08-30,2023-08-31,22.49,23.33,0.0373
920436,大地电气,汽车,汽车零部件,2023-08-30,2023-08-31,5.41,5.46,0.0092
300417,南华仪器,机械,仪器仪表Ⅱ,2023-08-30,2023-08-31,12.55,12.63,0.0064
300175,ST朗源,农林牧渔,农产品加工Ⅱ,2023-08-30,2023-08-31,4.6,4.74,0.0304
603963,*ST大药,医药,中药生产,2023-08-30,2023-08-31,10.2,10.18,-0.002
603389,*ST亚振,轻工制造,家居,2023-08-30,2023-08-31,5.76,5.93,0.0295
300076,GQY视讯,计算机,计算机设备,2023-08-30,2023-08-31,5.05,5.26,0.0416
000757,浩物股份,汽车,汽车销售及服务Ⅱ,2023-08-30,2023-08-31,4.16,4.22,0.0144
688296,和达科技,计算机,计算机软件,2023-08-30,2023-08-31,16.43,17.57,0.0694
002494,华斯股份,纺织服装,纺织制造,2023-08-30,2023-08-31,5.09,5.02,-0.0138
920090,同辉信息,计算机,计算机应用,2023-08-30,2023-08-31,2.5,2.53,0.012
300808,久量股份,电子,光学光电,2023-08-30,2023-08-31,12.85,13.3,0.035
002193,如意集团,纺织服装,纺织制造,2023-08-29,2023-08-30,6.07,6.37,0.0494
300588,熙菱信息,计算机,计算机软件,2023-08-29,2023-08-30,10.41,11.26,0.0817
300810,中科海讯,国防军工,其他军工Ⅱ,2023-08-29,2023-08-30,18.1,19.22,0.0619
300637,扬帆新材,基础化工,其他化学制品Ⅱ,2023-08-29,2023-08-30,7.25,7.63,0.0524
920305,*ST云创,计算机,计算机应用,2023-08-29,2023-08-30,13.25,13.99,0.0558
920508,殷图网联,,,2023-08-29,2023-08-30,5.92,6.13,0.0355
002806,华锋股份,汽车,汽车零部件Ⅱ,2023-08-29,2023-08-30,10.84,11.28,0.0406
300152,ST新动力,电力及公用事业,环保及公用事业,2023-08-29,2023-08-30,3.07,3.09,0.0065
600234,科新发展,建筑,建筑装修Ⅱ,2023-08-29,2023-08-30,7.11,7.2,0.0127
920970,大禹生物,农林牧渔,饲料,2023-08-29,2023-08-30,3.38,3.45,0.0207
000890,法尔胜,电力及公用事业,环保及公用事业,2023-08-29,2023-08-30,4.66,4.87,0.0451
688619,罗普特,电子,光学光电,2023-08-28,2023-08-29,12.54,11.9,-0.051
002072,凯瑞德,商贸零售,贸易Ⅱ,2023-08-28,2023-08-29,6.37,6.16,-0.033
002652,扬子新材,建材,专用材料Ⅱ,2023-08-28,2023-08-29,2.84,2.82,-0.007
300050,世纪鼎利,通信,通讯工程服务,2023-08-28,2023-08-29,4.01,3.97,-0.01
688004,博汇科技,计算机,计算机软件,2023-08-28,2023-08-29,29.98,28.26,-0.0574
300889,爱克股份,电子,光学光电,2023-08-28,2023-08-29,14.3,14.04,-0.0182
688681,科汇股份,机械,仪器仪表Ⅱ,2023-08-28,2023-08-29,14.19,13.47,-0.0507
920171,志晟信息,计算机,计算机应用,2023-08-28,2023-08-29,3.8,3.71,-0.0237
002633,申科股份,机械,通用设备,2023-08-28,2023-08-29,10.45,9.96,-0.0469
920670,数字人,,,2023-08-28,2023-08-29,8.9,8.47,-0.0483
002861,瀛通通讯,电子,消费电子,2023-08-28,2023-08-29,11.13,10.06,-0.0961
688607,康众医疗,医药,其他医药医疗,2023-08-28,2023-08-29,20.09,18.38,-0.0851
600148,长春一东,汽车,汽车零部件Ⅱ,2023-08-28,2023-08-29,15.3,14.82,-0.0314
603536,惠发食品,食品饮料,食品,2023-08-28,2023-08-29,8.31,8.05,-0.0313
688109,品茗科技,计算机,计算机软件,2023-08-28,2023-08-29,24.6,25.27,0.0272
600281,华阳新材,有色金属,稀有金属,2023-08-28,2023-08-29,4.26,4.13,-0.0305
920873,中设咨询,建筑装饰,专业工程,2023-08-28,2023-08-29,3.15,3.03,-0.0381
002058,*ST威尔,电力设备及新能源,电气设备,2023-08-25,2023-08-28,10.58,10.94,0.034
000004,*ST国华,计算机,计算机软件,2023-08-25,2023-08-28,16.36,16.29,-0.0043
600355,*ST精伦,通信,通信设备,2023-08-25,2023-08-28,3.25,3.29,0.0123
000668,*ST荣控,房地产,房地产服务,2023-08-25,2023-08-28,11.3,11.55,0.0221
000622,恒立退,综合,综合Ⅱ,2023-08-25,2023-08-28,4.12,4.2,0.0194
002205,国统股份,建材,结构材料,2023-08-25,2023-08-28,10.17,10.66,0.0482
603226,菲林格尔,轻工制造,家居,2023-08-25,2023-08-28,5.4,5.58,0.0333
002888,惠威科技,电子,消费电子,2023-08-25,2023-08-28,13.18,13.3,0.0091
000702,正虹科技,农林牧渔,畜牧业,2023-08-24,2023-08-25,5.77,5.89,0.0208
600319,亚星化学,基础化工,化学原料,2023-08-24,2023-08-25,5.01,4.94,-0.014
300391,长药退,医药,中药生产,2023-08-24,2023-08-25,5.99,5.87,-0.02
002682,龙洲股份,综合,综合Ⅱ,2023-08-24,2023-08-25,4.03,4.01,-0.005
002848,*ST高斯,通信,通信设备,2023-08-23,2023-08-24,9.76,9.72,-0.0041
920145,恒合股份,机械设备,专用设备,2023-08-23,2023-08-24,4.62,4.6,-0.0043
600243,*ST海华,机械,通用设备,2023-08-23,2023-08-24,4.28,4.24,-0.0093
000609,ST中迪,房地产,房地产开发和运营,2023-08-23,2023-08-24,5.52,5.47,-0.0091
920146,华阳变速,,,2023-08-21,2023-08-22,2.52,2.52,0.0
600889,南京化纤,基础化工,化学纤维,2023-08-21,2023-08-22,5.13,5.13,0.0
920239,长虹能源,,,2023-08-21,2023-08-22,14.38,13.11,-0.0883
300716,ST泉为,基础化工,塑料及制品,2023-08-21,2023-08-22,12.63,12.42,-0.0166
300270,中威电子,计算机,计算机设备,2023-08-21,2023-08-22,6.91,6.87,-0.0058
603221,爱丽家居,轻工制造,家居,2023-08-21,2023-08-22,8.94,9.19,0.028
600847,万里股份,电力设备及新能源,电源设备,2023-08-21,2023-08-22,11.39,11.6,0.0184
300991,创益通,电子,其他电子零组件Ⅱ,2023-08-21,2023-08-22,14.77,15.01,0.0162
603813,*ST原尚,交通运输,物流,2023-08-21,2023-08-22,15.48,15.13,-0.0226
002921,联诚精密,汽车,汽车零部件Ⅱ,2023-08-21,2023-08-22,14.31,14.25,-0.0042
300961,深水海纳,电力及公用事业,环保及公用事业,2023-08-21,2023-08-22,11.22,11.61,0.0348
002207,准油股份,石油石化,油服工程,2023-08-18,2023-08-21,7.08,7.16,0.0113
688528,秦川物联,机械,仪器仪表Ⅱ,2023-08-18,2023-08-21,10.21,10.28,0.0069
000679,大连友谊,商贸零售,一般零售,2023-08-17,2023-08-18,5.77,5.86,0.0156
688316,青云科技-U,计算机,云服务,2023-08-16,2023-08-17,45.25,43.0,-0.0497
600753,*ST海钦,商贸零售,贸易Ⅱ,2023-08-16,2023-08-17,10.05,9.9,-0.0149
300807,天迈科技,计算机,计算机设备,2023-08-11,2023-08-14,29.39,28.72,-0.0228
300956,英力股份,电子,消费电子,2023-08-11,2023-08-14,16.06,16.24,0.0112
603838,*ST四通,建材,装饰材料,2023-08-07,2023-08-08,6.52,6.45,-0.0107
002629,仁智股份,机械,专用机械,2023-08-04,2023-08-07,4.12,4.03,-0.0218
688260,昀冢科技,电子,消费电子,2023-08-04,2023-08-07,16.72,16.29,-0.0257
688193,仁度生物,医药,其他医药医疗,2023-08-02,2023-08-03,45.87,45.58,-0.0063
600302,标准股份,机械,专用机械,2023-07-28,2023-07-31,5.32,5.39,0.0132
300013,新宁物流,交通运输,物流,2023-07-18,2023-07-19,3.95,3.98,0.0076
300262,*ST巴安,电力及公用事业,环保及公用事业,2023-07-03,2023-07-04,2.68,2.74,0.0224
300868,杰美特,电子,消费电子,2023-07-03,2023-07-04,18.18,18.26,0.0044
688260,昀冢科技,电子,消费电子,2023-06-28,2023-06-29,16.78,17.29,0.0304
688701,卓锦股份,电力及公用事业,环保及公用事业,2023-06-26,2023-06-27,8.45,8.34,-0.013
300175,ST朗源,农林牧渔,农产品加工Ⅱ,2023-06-05,2023-06-06,3.3,3.35,0.0152
688565,力源科技,机械,专用机械,2023-05-05,2023-05-08,7.93,7.85,-0.0101
300074,华平股份,计算机,计算机设备,2023-05-04,2023-05-05,4.05,4.25,0.0494
300141,和顺电气,电力设备及新能源,电气设备,2023-05-04,2023-05-05,8.78,8.91,0.0148
300097,智云股份,机械,专用机械,2023-05-04,2023-05-05,5.33,5.53,0.0375
600234,科新发展,建筑,建筑装修Ⅱ,2023-05-04,2023-05-05,6.23,6.32,0.0144
300594,朗进科技,机械,运输设备,2023-05-04,2023-05-05,19.89,19.7,-0.0096
300333,兆日科技,计算机,计算机设备,2023-05-04,2023-05-05,6.4,6.49,0.0141
603616,韩建河山,建材,结构材料,2023-05-04,2023-05-05,5.15,5.35,0.0388
002828,贝肯能源,石油石化,油服工程,2023-05-04,2023-05-05,8.09,8.31,0.0272
002231,*ST奥维,通信,通讯工程服务,2023-05-04,2023-05-05,6.6,6.89,0.0439
600243,*ST海华,机械,通用设备,2023-05-04,2023-05-05,4.09,4.16,0.0171
603536,惠发食品,食品饮料,食品,2023-05-04,2023-05-05,6.48,6.7,0.034
300591,万里马,纺织服装,品牌服饰,2023-05-04,2023-05-05,5.7,5.98,0.0491
600630,龙头股份,纺织服装,纺织制造,2023-05-04,2023-05-05,5.19,5.39,0.0385
300103,达刚控股,机械,专用机械,2023-05-04,2023-05-05,6.15,6.42,0.0439
688038,中科通达,计算机,计算机软件,2023-05-04,2023-05-05,13.97,14.06,0.0064
300521,爱司凯,机械,专用机械,2023-05-04,2023-05-05,13.37,13.38,0.0007
688701,卓锦股份,电力及公用事业,环保及公用事业,2023-05-04,2023-05-05,8.6,8.73,0.0151
603879,永悦科技,基础化工,塑料及制品,2023-05-04,2023-05-05,5.9,6.12,0.0373
002207,准油股份,石油石化,油服工程,2023-05-04,2023-05-05,6.44,6.6,0.0248
300844,山水比德,建筑,建筑设计及服务Ⅱ,2023-05-04,2023-05-05,27.37,28.0,0.023
300808,久量股份,电子,光学光电,2023-05-04,2023-05-05,13.24,13.7,0.0347
000668,*ST荣控,房地产,房地产服务,2023-05-04,2023-05-05,11.06,11.37,0.028
300269,联建光电,传媒,广告营销,2023-05-04,2023-05-05,3.79,3.71,-0.0211
300163,先锋新材,建材,专用材料Ⅱ,2023-05-04,2023-05-05,3.15,3.29,0.0444
300175,ST朗源,农林牧渔,农产品加工Ⅱ,2023-05-04,2023-05-05,3.53,3.51,-0.0057
603021,ST华鹏,轻工制造,包装印刷,2023-05-04,2023-05-05,5.4,5.56,0.0296
688159,有方科技,通信,通信设备,2023-05-04,2023-05-05,21.57,20.71,-0.0399
603335,迪生力,汽车,汽车零部件Ⅱ,2023-05-04,2023-05-05,5.25,5.26,0.0019
603838,*ST四通,建材,装饰材料,2023-05-04,2023-05-05,5.48,5.64,0.0292
300562,乐心医疗,医药,其他医药医疗,2023-05-04,2023-05-05,9.57,9.51,-0.0063
688081,兴图新科,国防军工,其他军工Ⅱ,2023-05-04,2023-05-05,21.19,26.37,0.2445
688607,康众医疗,医药,其他医药医疗,2023-05-04,2023-05-05,21.97,22.28,0.0141
605178,时空科技,建筑,建筑施工,2023-05-04,2023-05-05,20.63,21.0,0.0179
603958,哈森股份,纺织服装,品牌服饰,2023-05-04,2023-05-05,6.22,6.55,0.0531
300169,天晟新材,基础化工,其他化学制品Ⅱ,2023-05-04,2023-05-05,4.01,4.09,0.02
300417,南华仪器,机械,仪器仪表Ⅱ,2023-05-04,2023-05-05,9.69,9.8,0.0114
002058,*ST威尔,电力设备及新能源,电气设备,2023-05-04,2023-05-05,10.51,10.75,0.0228
002719,麦趣尔,食品饮料,饮料,2023-04-28,2023-05-04,9.63,9.87,0.0249
300478,杭州高新,基础化工,塑料及制品,2023-04-28,2023-05-04,9.17,9.58,0.0447
300949,奥雅股份,建筑,建筑设计及服务Ⅱ,2023-04-28,2023-05-04,31.2,33.99,0.0894
002806,华锋股份,汽车,汽车零部件Ⅱ,2023-04-28,2023-05-04,10.54,10.7,0.0152
000622,恒立退,综合,综合Ⅱ,2023-04-28,2023-05-04,4.33,4.35,0.0046
600712,南宁百货,商贸零售,一般零售,2023-04-28,2023-05-04,3.8,3.9,0.0263
300489,光智科技,机械,专用机械,2023-04-28,2023-05-04,16.37,16.78,0.025
600148,长春一东,汽车,汽车零部件Ⅱ,2023-04-28,2023-05-04,13.22,13.48,0.0197
300069,金利华电,电力设备及新能源,电气设备,2023-04-28,2023-05-04,13.45,13.86,0.0305
002861,瀛通通讯,电子,消费电子,2023-04-28,2023-05-04,10.17,10.44,0.0265
300165,天瑞仪器,机械,仪器仪表Ⅱ,2023-04-28,2023-05-04,4.47,4.74,0.0604
002682,龙洲股份,综合,综合Ⅱ,2023-04-28,2023-05-04,4.04,4.1,0.0149
002855,捷荣技术,电子,消费电子,2023-04-28,2023-05-04,8.56,8.76,0.0234
600889,南京化纤,基础化工,化学纤维,2023-04-28,2023-05-04,4.51,4.61,0.0222
300588,熙菱信息,计算机,计算机软件,2023-04-28,2023-05-04,10.46,10.89,0.0411
300405,科隆股份,基础化工,化学原料,2023-04-28,2023-05-04,5.0,5.17,0.034
300931,通用电梯,机械,工程机械Ⅱ,2023-04-28,2023-05-04,6.92,6.95,0.0043
301228,实朴检测,机械,仪器仪表Ⅱ,2023-04-28,2023-05-04,15.07,15.26,0.0126
300050,世纪鼎利,通信,通讯工程服务,2023-04-28,2023-05-04,3.96,4.14,0.0455
603356,华菱精工,机械,工程机械Ⅱ,2023-04-28,2023-05-04,12.52,12.64,0.0096
300849,锦盛新材,轻工制造,包装印刷,2023-04-28,2023-05-04,10.74,10.9,0.0149
000953,河化股份,医药,化学制药,2023-04-28,2023-05-04,5.43,5.6,0.0313
000608,*ST阳光,房地产,房地产开发和运营,2023-04-28,2023-05-04,2.69,2.77,0.0297
688260,昀冢科技,电子,消费电子,2023-04-28,2023-05-04,15.07,15.28,0.0139
300262,*ST巴安,电力及公用事业,环保及公用事业,2023-04-28,2023-05-04,2.59,2.71,0.0463
002494,华斯股份,纺织服装,纺织制造,2023-04-28,2023-05-04,4.33,4.48,0.0346
002633,申科股份,机械,通用设备,2023-04-28,2023-05-04,9.77,10.26,0.0502
300210,森远股份,机械,专用机械,2023-04-28,2023-05-04,2.8,2.92,0.0429
600778,友好集团,商贸零售,一般零售,2023-04-28,2023-05-04,6.43,6.89,0.0715
603716,塞力医疗,医药,其他医药医疗,2023-04-28,2023-05-04,9.45,9.58,0.0138
605069,正和生态,建筑,建筑施工,2023-04-28,2023-05-04,8.86,8.87,0.0011
002513,蓝丰生化,基础化工,农用化工,2023-04-28,2023-05-04,4.59,4.74,0.0327
600302,标准股份,机械,专用机械,2023-04-28,2023-05-04,4.81,4.91,0.0208
603268,*ST松发,机械,运输设备,2023-04-28,2023-05-04,13.94,14.35,0.0294
300013,新宁物流,交通运输,物流,2023-04-28,2023-05-04,3.74,3.9,0.0428
603188,亚邦股份,基础化工,其他化学制品Ⅱ,2023-04-27,2023-04-28,3.53,3.55,0.0057
300868,杰美特,电子,消费电子,2023-04-27,2023-04-28,15.28,15.31,0.002
300807,天迈科技,计算机,计算机设备,2023-04-27,2023-04-28,22.56,22.97,0.0182
002652,扬子新材,建材,专用材料Ⅱ,2023-04-27,2023-04-28,2.47,2.54,0.0283
002888,惠威科技,电子,消费电子,2023-04-27,2023-04-28,14.07,13.88,-0.0135
300103,达刚控股,机械,专用机械,2023-04-27,2023-04-28,6.06,5.99,-0.0116
002856,美芝股份,建筑,建筑装修Ⅱ,2023-04-27,2023-04-28,9.23,9.53,0.0325
688681,科汇股份,机械,仪器仪表Ⅱ,2023-04-27,2023-04-28,14.51,14.61,0.0069
300152,ST新动力,电力及公用事业,环保及公用事业,2023-04-27,2023-04-28,2.93,2.84,-0.0307
300912,凯龙高科,电力及公用事业,环保及公用事业,2023-04-27,2023-04-28,18.16,18.99,0.0457
600847,万里股份,电力设备及新能源,电源设备,2023-04-27,2023-04-28,11.15,11.28,0.0117
002591,恒大高新,基础化工,其他化学制品Ⅱ,2023-04-27,2023-04-28,6.02,6.0,-0.0033
688109,品茗科技,计算机,计算机软件,2023-04-27,2023-04-28,31.53,32.58,0.0333
300449,汉邦高科,计算机,计算机软件,2023-04-27,2023-04-28,5.8,5.8,0.0
300489,光智科技,机械,专用机械,2023-04-26,2023-04-27,16.44,16.4,-0.0024
002316,亚联发展,综合金融,多领域控股Ⅱ,2023-04-26,2023-04-27,4.2,4.27,0.0167
301024,霍普股份,建筑,建筑设计及服务Ⅱ,2023-04-26,2023-04-27,22.6,23.09,0.0217
603332,苏州龙杰,基础化工,化学纤维,2023-04-26,2023-04-27,9.91,10.12,0.0212
300808,久量股份,电子,光学光电,2023-04-26,2023-04-27,12.54,12.48,-0.0048
603389,*ST亚振,轻工制造,家居,2023-04-26,2023-04-27,4.74,4.81,0.0148
002370,亚太药业,医药,化学制药,2023-04-26,2023-04-27,4.1,4.22,0.0293
300956,英力股份,电子,消费电子,2023-04-26,2023-04-27,13.59,13.9,0.0228
002848,*ST高斯,通信,通信设备,2023-04-26,2023-04-27,8.73,8.97,0.0275
002778,中晟高科,电力及公用事业,环保及公用事业,2023-04-26,2023-04-27,13.31,13.63,0.024
600119,长江投资,交通运输,物流,2023-04-26,2023-04-27,5.72,5.83,0.0192
300076,GQY视讯,计算机,计算机设备,2023-04-25,2023-04-26,4.95,4.77,-0.0364
300141,和顺电气,电力设备及新能源,电气设备,2023-04-25,2023-04-26,8.03,7.92,-0.0137
002114,罗平锌电,有色金属,工业金属,2023-04-24,2023-04-25,6.94,6.82,-0.0173
002820,桂发祥,食品饮料,食品,2023-04-24,2023-04-25,8.89,8.76,-0.0146
300594,朗进科技,机械,运输设备,2023-04-24,2023-04-25,20.51,20.67,0.0078
600719,大连热电,电力及公用事业,环保及公用事业,2023-04-24,2023-04-25,4.58,4.63,0.0109
600156,华升股份,纺织服装,纺织制造,2023-04-24,2023-04-25,4.12,4.17,0.0121
000953,河化股份,医药,化学制药,2023-04-21,2023-04-24,5.19,5.14,-0.0096
603042,华脉科技,通信,通信设备,2023-04-21,2023-04-24,12.92,12.24,-0.0526
600561,江西长运,交通运输,公路铁路,2023-04-21,2023-04-24,5.23,5.22,-0.0019
688681,科汇股份,机械,仪器仪表Ⅱ,2023-04-21,2023-04-24,15.63,14.82,-0.0518
603536,惠发食品,食品饮料,食品,2023-04-21,2023-04-24,6.31,6.15,-0.0254
600302,标准股份,机械,专用机械,2023-04-20,2023-04-21,4.94,4.84,-0.0202
600421,*ST华嵘,机械,通用设备,2023-04-20,2023-04-21,10.65,10.77,0.0113
300334,津膜科技,电力及公用事业,环保及公用事业,2023-04-20,2023-04-21,7.47,7.29,-0.0241
301049,超越科技,电力及公用事业,环保及公用事业,2023-04-19,2023-04-20,19.96,20.08,0.006
600192,长城电工,电力设备及新能源,电气设备,2023-04-19,2023-04-20,5.41,5.2,-0.0388
300807,天迈科技,计算机,计算机设备,2023-04-19,2023-04-20,25.71,25.47,-0.0093
002205,国统股份,建材,结构材料,2023-04-18,2023-04-19,12.22,11.24,-0.0802
002494,华斯股份,纺织服装,纺织制造,2023-04-18,2023-04-19,4.43,4.36,-0.0158
603838,*ST四通,建材,装饰材料,2023-04-14,2023-04-17,5.88,5.77,-0.0187
600712,南宁百货,商贸零售,一般零售,2023-04-14,2023-04-17,3.91,3.87,-0.0102
600506,统一股份,石油石化,石油化工,2023-04-06,2023-04-07,11.15,11.23,0.0072
600889,南京化纤,基础化工,化学纤维,2023-03-30,2023-03-31,5.02,4.85,-0.0339
002114,罗平锌电,有色金属,工业金属,2023-03-30,2023-03-31,6.82,6.75,-0.0103
600243,*ST海华,机械,通用设备,2023-03-29,2023-03-30,4.13,4.12,-0.0024
002715,登云股份,汽车,汽车零部件Ⅱ,2023-03-22,2023-03-23,15.81,16.07,0.0164
605178,时空科技,建筑,建筑施工,2023-03-16,2023-03-17,22.18,21.75,-0.0194
603021,ST华鹏,轻工制造,包装印刷,2023-03-01,2023-03-02,6.7,6.56,-0.0209
600302,标准股份,机械,专用机械,2023-02-15,2023-02-16,6.13,6.11,-0.0033
000702,正虹科技,农林牧渔,畜牧业,2022-12-22,2022-12-23,5.69,5.82,0.0228
300489,光智科技,机械,专用机械,2022-12-13,2022-12-14,17.31,17.09,-0.0127
600243,*ST海华,机械,通用设备,2022-11-25,2022-11-28,4.51,4.51,0.0
000702,正虹科技,农林牧渔,畜牧业,2022-11-22,2022-11-23,6.23,6.16,-0.0112
603030,全筑股份,建筑,建筑装修Ⅱ,2022-11-01,2022-11-02,2.66,2.69,0.0113
002858,力盛体育,传媒,文化娱乐,2022-11-01,2022-11-02,12.53,13.74,0.0966
002591,恒大高新,基础化工,其他化学制品Ⅱ,2022-11-01,2022-11-02,5.54,5.71,0.0307
600250,南京商旅,商贸零售,贸易Ⅱ,2022-11-01,2022-11-02,4.78,5.01,0.0481
002775,文科股份,建筑,建筑施工,2022-11-01,2022-11-02,3.65,3.76,0.0301
688159,有方科技,通信,通信设备,2022-11-01,2022-11-02,17.41,17.44,0.0017
300555,ST路通,通信,通信设备,2022-11-01,2022-11-02,7.19,7.23,0.0056
002159,三特索道,消费者服务,旅游及休闲,2022-11-01,2022-11-02,11.01,11.7,0.0627
000023,*ST深天,建材,结构材料,2022-11-01,2022-11-02,11.15,11.18,0.0027
002780,三夫户外,纺织服装,品牌服饰,2022-10-31,2022-11-01,9.85,9.88,0.003
301024,霍普股份,建筑,建筑设计及服务Ⅱ,2022-10-31,2022-11-01,25.66,27.6,0.0756
300084,海默科技,机械,专用机械,2022-10-31,2022-11-01,4.07,4.1,0.0074
600630,龙头股份,纺织服装,纺织制造,2022-10-31,2022-11-01,5.02,5.07,0.01
300753,爱朋医疗,医药,其他医药医疗,2022-10-31,2022-11-01,12.96,13.62,0.0509
688555,退市泽达,计算机,计算机软件,2022-10-31,2022-11-01,11.17,12.27,0.0985
300167,ST迪威迅,计算机,计算机软件,2022-10-31,2022-11-01,5.71,5.77,0.0105
000702,正虹科技,农林牧渔,畜牧业,2022-10-31,2022-11-01,5.31,5.63,0.0603
002719,麦趣尔,食品饮料,饮料,2022-10-31,2022-11-01,7.13,7.24,0.0154
301228,实朴检测,机械,仪器仪表Ⅱ,2022-10-31,2022-11-01,17.31,17.05,-0.015
002861,瀛通通讯,电子,消费电子,2022-10-31,2022-11-01,10.0,10.31,0.031
301169,零点有数,计算机,云服务,2022-10-31,2022-11-01,30.41,32.16,0.0575
603161,科华控股,汽车,汽车零部件Ⅱ,2022-10-31,2022-11-01,13.59,14.02,0.0316
300591,万里马,纺织服装,品牌服饰,2022-10-31,2022-11-01,4.46,4.6,0.0314
603789,*ST星农,机械,专用机械,2022-10-31,2022-11-01,7.65,7.9,0.0327
000692,惠天热电,电力及公用事业,环保及公用事业,2022-10-31,2022-11-01,3.46,3.51,0.0145
300779,惠城环保,电力及公用事业,环保及公用事业,2022-10-31,2022-11-01,14.78,15.3,0.0352
688619,罗普特,电子,光学光电,2022-10-31,2022-11-01,11.39,11.99,0.0527
603729,龙韵股份,传媒,广告营销,2022-10-31,2022-11-01,12.72,12.9,0.0142
300333,兆日科技,计算机,计算机设备,2022-10-31,2022-11-01,6.09,6.37,0.046
300528,幸福蓝海,传媒,文化娱乐,2022-10-31,2022-11-01,5.41,5.47,0.0111
301013,利和兴,机械,仪器仪表Ⅱ,2022-10-31,2022-11-01,8.82,9.1,0.0317
600706,曲江文旅,消费者服务,旅游及休闲,2022-10-31,2022-11-01,8.23,8.23,0.0
300175,ST朗源,农林牧渔,农产品加工Ⅱ,2022-10-31,2022-11-01,3.44,3.55,0.032
603021,ST华鹏,轻工制造,包装印刷,2022-10-31,2022-11-01,5.98,5.84,-0.0234
603838,*ST四通,建材,装饰材料,2022-10-31,2022-11-01,5.34,5.39,0.0094
688681,科汇股份,机械,仪器仪表Ⅱ,2022-10-31,2022-11-01,13.7,14.3,0.0438
002875,安奈儿,纺织服装,品牌服饰,2022-10-31,2022-11-01,8.38,8.33,-0.006
300844,山水比德,建筑,建筑设计及服务Ⅱ,2022-10-31,2022-11-01,22.88,23.6,0.0315
300254,仟源医药,医药,化学制药,2022-10-31,2022-11-01,6.52,6.7,0.0276
301001,凯淳股份,商贸零售,电商及服务Ⅱ,2022-10-31,2022-11-01,21.6,22.0,0.0185
688607,康众医疗,医药,其他医药医疗,2022-10-31,2022-11-01,20.72,22.26,0.0743
603679,华体科技,家电,照明电工及其他,2022-10-31,2022-11-01,10.93,11.32,0.0357
300169,天晟新材,基础化工,其他化学制品Ⅱ,2022-10-31,2022-11-01,4.26,4.38,0.0282
603879,永悦科技,基础化工,塑料及制品,2022-10-31,2022-11-01,5.36,5.43,0.0131
300713,英可瑞,电力设备及新能源,新能源动力系统,2022-10-31,2022-11-01,13.03,13.62,0.0453
002289,*ST宇顺,电子,消费电子,2022-10-31,2022-11-01,7.48,7.5,0.0027
002205,国统股份,建材,结构材料,2022-10-28,2022-10-31,9.49,9.28,-0.0221
300050,世纪鼎利,通信,通讯工程服务,2022-10-28,2022-10-31,3.69,3.5,-0.0515
688118,普元信息,计算机,云服务,2022-10-28,2022-10-31,21.45,21.23,-0.0103
300949,奥雅股份,建筑,建筑设计及服务Ⅱ,2022-10-28,2022-10-31,30.19,29.34,-0.0282
000622,恒立退,综合,综合Ⅱ,2022-10-28,2022-10-31,4.89,4.51,-0.0777
600712,南宁百货,商贸零售,一般零售,2022-10-28,2022-10-31,3.69,3.62,-0.019
300489,光智科技,机械,专用机械,2022-10-28,2022-10-31,15.88,15.62,-0.0164
300270,中威电子,计算机,计算机设备,2022-10-28,2022-10-31,5.67,5.44,-0.0406
002828,贝肯能源,石油石化,油服工程,2022-10-28,2022-10-31,9.65,8.71,-0.0974
003001,中岩大地,建筑,建筑施工,2022-10-28,2022-10-31,16.31,14.77,-0.0944
603536,惠发食品,食品饮料,食品,2022-10-28,2022-10-31,6.34,6.12,-0.0347
300103,达刚控股,机械,专用机械,2022-10-28,2022-10-31,6.82,6.45,-0.0543
301159,三维天地,计算机,计算机软件,2022-10-28,2022-10-31,26.9,25.5,-0.052
603099,长白山,消费者服务,旅游及休闲,2022-10-28,2022-10-31,8.0,7.92,-0.01
002963,豪尔赛,建筑,建筑施工,2022-10-28,2022-10-31,12.43,12.09,-0.0274
300588,熙菱信息,计算机,计算机软件,2022-10-28,2022-10-31,10.88,10.84,-0.0037
603559,ST通脉,通信,通讯工程服务,2022-10-28,2022-10-31,11.68,11.09,-0.0505
002319,乐通股份,基础化工,其他化学制品Ⅱ,2022-10-28,2022-10-31,10.01,9.8,-0.021
002348,高乐股份,轻工制造,文娱轻工Ⅱ,2022-10-28,2022-10-31,2.19,2.11,-0.0365
002816,*ST和科,机械,专用机械,2022-10-28,2022-10-31,18.02,17.21,-0.045
000890,法尔胜,电力及公用事业,环保及公用事业,2022-10-28,2022-10-31,4.15,4.02,-0.0313
300097,智云股份,机械,专用机械,2022-10-28,2022-10-31,6.04,5.61,-0.0712
300912,凯龙高科,电力及公用事业,环保及公用事业,2022-10-28,2022-10-31,13.52,12.58,-0.0695
300608,思特奇,计算机,计算机软件,2022-10-28,2022-10-31,8.62,8.63,0.0012
300076,GQY视讯,计算机,计算机设备,2022-10-28,2022-10-31,5.07,4.98,-0.0178
300464,星徽股份,商贸零售,电商及服务Ⅱ,2022-10-28,2022-10-31,5.99,5.62,-0.0618
300262,*ST巴安,电力及公用事业,环保及公用事业,2022-10-28,2022-10-31,2.76,2.82,0.0217
002494,华斯股份,纺织服装,纺织制造,2022-10-28,2022-10-31,4.15,3.92,-0.0554
002633,申科股份,机械,通用设备,2022-10-28,2022-10-31,9.44,9.21,-0.0244
600156,华升股份,纺织服装,纺织制造,2022-10-28,2022-10-31,4.52,4.27,-0.0553
300609,汇纳科技,计算机,计算机软件,2022-10-28,2022-10-31,14.1,14.13,0.0021
002652,扬子新材,建材,专用材料Ⅱ,2022-10-28,2022-10-31,2.75,2.62,-0.0473
300051,琏升科技,传媒,文化娱乐,2022-10-28,2022-10-31,5.59,5.31,-0.0501
300220,金运激光,机械,通用设备,2022-10-27,2022-10-28,11.43,11.69,0.0227
300334,津膜科技,电力及公用事业,环保及公用事业,2022-10-27,2022-10-28,6.44,6.4,-0.0062
300074,华平股份,计算机,计算机设备,2022-10-27,2022-10-28,3.67,3.73,0.0163
300742,越博退,汽车,汽车零部件Ⅱ,2022-10-27,2022-10-28,12.35,12.08,-0.0219
600421,*ST华嵘,机械,通用设备,2022-10-27,2022-10-28,10.52,10.25,-0.0257
300030,阳普医疗,医药,其他医药医疗,2022-10-27,2022-10-28,7.13,7.2,0.0098
300594,朗进科技,机械,运输设备,2022-10-27,2022-10-28,16.09,16.06,-0.0019
300141,和顺电气,电力设备及新能源,电气设备,2022-10-27,2022-10-28,8.43,8.25,-0.0214
300380,安硕信息,计算机,计算机软件,2022-10-27,2022-10-28,15.21,15.54,0.0217
002114,罗平锌电,有色金属,工业金属,2022-10-27,2022-10-28,6.53,6.54,0.0015
300877,金春股份,纺织服装,纺织制造,2022-10-27,2022-10-28,16.55,16.69,0.0085
300264,佳创视讯,通信,通信设备,2022-10-27,2022-10-28,5.43,5.39,-0.0074
600889,南京化纤,基础化工,化学纤维,2022-10-27,2022-10-28,4.79,4.82,0.0063
605178,时空科技,建筑,建筑施工,2022-10-27,2022-10-28,19.0,19.0,0.0
603268,*ST松发,机械,运输设备,2022-10-27,2022-10-28,14.54,14.56,0.0014
600302,标准股份,机械,专用机械,2022-10-27,2022-10-28,5.16,5.21,0.0097
300665,飞鹿股份,基础化工,其他化学制品Ⅱ,2022-10-27,2022-10-28,8.11,8.16,0.0062
603278,大业股份,机械,金属制品Ⅱ,2022-10-27,2022-10-28,7.58,7.44,-0.0185
300736,百邦科技,通信,通信设备,2022-10-27,2022-10-28,11.63,11.8,0.0146
002778,中晟高科,电力及公用事业,环保及公用事业,2022-10-27,2022-10-28,14.15,13.8,-0.0247
002820,桂发祥,食品饮料,食品,2022-10-27,2022-10-28,7.68,7.73,0.0065
300935,盈建科,计算机,计算机软件,2022-10-27,2022-10-28,27.75,27.54,-0.0076
000609,ST中迪,房地产,房地产开发和运营,2022-10-27,2022-10-28,5.42,5.73,0.0572
300807,天迈科技,计算机,计算机设备,2022-10-27,2022-10-28,22.2,23.0,0.036
300461,田中精机,机械,通用设备,2022-10-26,2022-10-27,13.88,14.15,0.0195
603389,*ST亚振,轻工制造,家居,2022-10-26,2022-10-27,5.42,5.45,0.0055
300868,杰美特,电子,消费电子,2022-10-26,2022-10-27,15.73,16.44,0.0451
300611,美力科技,汽车,汽车零部件Ⅱ,2022-10-26,2022-10-27,8.89,8.92,0.0034
688004,博汇科技,计算机,计算机软件,2022-10-26,2022-10-27,21.53,22.6,0.0497
603615,茶花股份,轻工制造,家居,2022-10-26,2022-10-27,6.72,7.12,0.0595
300385,雪浪环境,电力及公用事业,环保及公用事业,2022-10-26,2022-10-27,5.96,6.13,0.0285
300462,ST华铭,机械,运输设备,2022-10-26,2022-10-27,8.74,9.13,0.0446
600506,统一股份,石油石化,石油化工,2022-10-26,2022-10-27,9.62,9.65,0.0031
688109,品茗科技,计算机,计算机软件,2022-10-26,2022-10-27,29.2,30.96,0.0603
000610,西安旅游,消费者服务,旅游及休闲,2022-10-26,2022-10-27,8.42,8.62,0.0238
688051,佳华科技,计算机,计算机软件,2022-09-16,2022-09-19,23.97,23.07,-0.0375
603389,*ST亚振,轻工制造,家居,2022-09-02,2022-09-05,6.18,6.3,0.0194
603616,韩建河山,建材,结构材料,2022-09-01,2022-09-02,5.66,5.7,0.0071
603133,退市碳元,基础化工,其他化学制品Ⅱ,2022-09-01,2022-09-02,10.42,10.27,-0.0144
600213,*ST亚星,汽车,商用车,2022-09-01,2022-09-02,7.94,7.9,-0.005
600243,*ST海华,机械,通用设备,2022-09-01,2022-09-02,4.25,4.21,-0.0094
600119,长江投资,交通运输,物流,2022-09-01,2022-09-02,6.37,6.41,0.0063
002693,*ST双成,医药,化学制药,2022-09-01,2022-09-02,5.12,5.24,0.0234
000679,大连友谊,商贸零售,一般零售,2022-09-01,2022-09-02,4.96,4.95,-0.002
603030,全筑股份,建筑,建筑装修Ⅱ,2022-09-01,2022-09-02,2.92,2.9,-0.0068
603860,中公高科,建筑,建筑施工,2022-09-01,2022-09-02,22.05,22.34,0.0132
605069,正和生态,建筑,建筑施工,2022-09-01,2022-09-02,10.53,10.35,-0.0171
600322,津投城开,房地产,房地产开发和运营,2022-09-01,2022-09-02,1.99,2.06,0.0352
603608,天创时尚,纺织服装,品牌服饰,2022-09-01,2022-09-02,4.59,4.61,0.0044
600082,海泰发展,房地产,房地产开发和运营,2022-09-01,2022-09-02,3.24,3.32,0.0247
600250,南京商旅,商贸零售,贸易Ⅱ,2022-09-01,2022-09-02,5.17,5.15,-0.0039
301024,霍普股份,建筑,建筑设计及服务Ⅱ,2022-08-31,2022-09-01,24.33,24.26,-0.0029
300931,通用电梯,机械,工程机械Ⅱ,2022-08-31,2022-09-01,7.83,7.73,-0.0128
300242,佳云科技,传媒,广告营销,2022-08-31,2022-09-01,3.4,3.34,-0.0176
300462,ST华铭,机械,运输设备,2022-08-31,2022-09-01,9.81,9.51,-0.0306
002205,国统股份,建材,结构材料,2022-08-31,2022-09-01,11.05,11.9,0.0769
300167,ST迪威迅,计算机,计算机软件,2022-08-31,2022-09-01,5.99,5.76,-0.0384
002159,三特索道,消费者服务,旅游及休闲,2022-08-31,2022-09-01,12.9,12.9,0.0
603778,国晟科技,建筑,建筑施工,2022-08-31,2022-09-01,3.4,3.38,-0.0059
000702,正虹科技,农林牧渔,畜牧业,2022-08-31,2022-09-01,7.21,7.41,0.0277
603161,科华控股,汽车,汽车零部件Ⅱ,2022-08-31,2022-09-01,12.94,12.28,-0.051
603389,*ST亚振,轻工制造,家居,2022-08-31,2022-09-01,6.19,5.83,-0.0582
300795,米奥会展,消费者服务,综合服务,2022-08-31,2022-09-01,23.0,22.94,-0.0026
688316,青云科技-U,计算机,云服务,2022-08-31,2022-09-01,31.65,31.23,-0.0133
603221,爱丽家居,轻工制造,家居,2022-08-31,2022-09-01,8.47,8.35,-0.0142
000608,*ST阳光,房地产,房地产开发和运营,2022-08-31,2022-09-01,2.82,2.8,-0.0071
603879,永悦科技,基础化工,塑料及制品,2022-08-31,2022-09-01,6.3,6.08,-0.0349
002652,扬子新材,建材,专用材料Ⅱ,2022-08-31,2022-09-01,2.95,2.89,-0.0203
300074,华平股份,计算机,计算机设备,2022-08-31,2022-09-01,3.81,3.66,-0.0394
002629,仁智股份,机械,专用机械,2022-08-31,2022-09-01,3.86,3.99,0.0337
688227,品高股份,计算机,云服务,2022-08-31,2022-09-01,20.2,19.77,-0.0213
600476,湘邮科技,计算机,计算机软件,2022-08-31,2022-09-01,13.82,13.2,-0.0449
300176,鸿特科技,机械,金属制品Ⅱ,2022-08-31,2022-09-01,5.64,5.51,-0.023
300464,星徽股份,商贸零售,电商及服务Ⅱ,2022-08-31,2022-09-01,6.02,5.97,-0.0083
688159,有方科技,通信,通信设备,2022-08-31,2022-09-01,20.45,19.75,-0.0342
300609,汇纳科技,计算机,计算机软件,2022-08-31,2022-09-01,14.7,14.71,0.0007
603828,ST柯利达,建筑,建筑装修Ⅱ,2022-08-31,2022-09-01,3.51,3.47,-0.0114
300461,田中精机,机械,通用设备,2022-08-31,2022-09-01,15.25,14.7,-0.0361
688288,鸿泉技术,计算机,计算机设备,2022-08-31,2022-09-01,20.03,19.82,-0.0105
300076,GQY视讯,计算机,计算机设备,2022-08-31,2022-09-01,5.4,5.31,-0.0167
002796,世嘉科技,通信,通信设备,2022-08-31,2022-09-01,9.18,8.75,-0.0468
605303,园林股份,建筑,建筑施工,2022-08-31,2022-09-01,11.8,11.44,-0.0305
002058,*ST威尔,电力设备及新能源,电气设备,2022-08-30,2022-08-31,13.5,13.31,-0.0141
301001,凯淳股份,商贸零售,电商及服务Ⅱ,2022-08-30,2022-08-31,22.5,23.02,0.0231
300779,惠城环保,电力及公用事业,环保及公用事业,2022-08-30,2022-08-31,15.58,15.26,-0.0205
301159,三维天地,计算机,计算机软件,2022-08-30,2022-08-31,27.21,27.26,0.0018
300489,光智科技,机械,专用机械,2022-08-30,2022-08-31,16.95,17.13,0.0106
603356,华菱精工,机械,工程机械Ⅱ,2022-08-30,2022-08-31,15.53,15.11,-0.027
002963,豪尔赛,建筑,建筑施工,2022-08-30,2022-08-31,15.13,17.41,0.1507
300742,越博退,汽车,汽车零部件Ⅱ,2022-08-29,2022-08-30,12.73,12.97,0.0189
300588,熙菱信息,计算机,计算机软件,2022-08-29,2022-08-30,10.1,10.5,0.0396
300868,杰美特,电子,消费电子,2022-08-29,2022-08-30,17.35,18.02,0.0386
600889,南京化纤,基础化工,化学纤维,2022-08-29,2022-08-30,5.1,5.3,0.0392
301228,实朴检测,机械,仪器仪表Ⅱ,2022-08-29,2022-08-30,17.81,17.93,0.0067
600561,江西长运,交通运输,公路铁路,2022-08-29,2022-08-30,5.7,5.65,-0.0088
000017,深中华A,商贸零售,专营连锁,2022-08-29,2022-08-30,4.2,4.41,0.05
301169,零点有数,计算机,云服务,2022-08-29,2022-08-30,31.83,32.16,0.0104
300150,世纪瑞尔,计算机,计算机软件,2022-08-29,2022-08-30,4.05,4.15,0.0247
300084,海默科技,机械,专用机械,2022-08-29,2022-08-30,5.12,5.39,0.0527
300753,爱朋医疗,医药,其他医药医疗,2022-08-29,2022-08-30,13.22,13.28,0.0045
002857,三晖电气,机械,仪器仪表Ⅱ,2022-08-29,2022-08-30,14.55,15.07,0.0357
300333,兆日科技,计算机,计算机设备,2022-08-29,2022-08-30,6.34,6.34,0.0
300220,金运激光,机械,通用设备,2022-08-29,2022-08-30,12.3,12.69,0.0317
300407,凯发电气,电力设备及新能源,电气设备,2022-08-29,2022-08-30,7.54,7.76,0.0292
600791,京能置业,房地产,房地产开发和运营,2022-08-29,2022-08-30,4.16,4.24,0.0192
002816,*ST和科,机械,专用机械,2022-08-29,2022-08-30,18.8,18.93,0.0069
300169,天晟新材,基础化工,其他化学制品Ⅱ,2022-08-29,2022-08-30,4.96,5.11,0.0302
000691,*ST亚太,基础化工,其他化学制品Ⅱ,2022-08-29,2022-08-30,4.79,4.84,0.0104
603226,菲林格尔,轻工制造,家居,2022-08-29,2022-08-30,5.41,5.55,0.0259
603021,ST华鹏,轻工制造,包装印刷,2022-08-29,2022-08-30,5.26,5.34,0.0152
300262,*ST巴安,电力及公用事业,环保及公用事业,2022-08-29,2022-08-30,3.17,3.27,0.0315
300210,森远股份,机械,专用机械,2022-08-29,2022-08-30,3.36,3.54,0.0536
688004,博汇科技,计算机,计算机软件,2022-08-29,2022-08-30,21.52,22.11,0.0274
300808,久量股份,电子,光学光电,2022-08-29,2022-08-30,13.7,13.76,0.0044
300977,深圳瑞捷,建筑,建筑设计及服务Ⅱ,2022-08-29,2022-08-30,20.64,21.03,0.0189
300665,飞鹿股份,基础化工,其他化学制品Ⅱ,2022-08-29,2022-08-30,8.66,8.57,-0.0104
605178,时空科技,建筑,建筑施工,2022-08-29,2022-08-30,22.53,22.84,0.0138
300030,阳普医疗,医药,其他医药医疗,2022-08-29,2022-08-30,6.75,6.87,0.0178
003007,直真科技,计算机,云服务,2022-08-26,2022-08-29,19.08,18.26,-0.043
000622,恒立退,综合,综合Ⅱ,2022-08-26,2022-08-29,4.85,4.85,0.0
300334,津膜科技,电力及公用事业,环保及公用事业,2022-08-26,2022-08-29,7.87,7.65,-0.028
600355,*ST精伦,通信,通信设备,2022-08-26,2022-08-29,3.6,3.42,-0.05
000023,*ST深天,建材,结构材料,2022-08-26,2022-08-29,10.7,10.45,-0.0234
600712,南宁百货,商贸零售,一般零售,2022-08-26,2022-08-29,3.89,3.87,-0.0051
600302,标准股份,机械,专用机械,2022-08-26,2022-08-29,5.46,5.31,-0.0275
600234,科新发展,建筑,建筑装修Ⅱ,2022-08-26,2022-08-29,8.6,8.6,0.0
600421,*ST华嵘,机械,通用设备,2022-08-26,2022-08-29,10.68,10.84,0.015
603536,惠发食品,食品饮料,食品,2022-08-26,2022-08-29,6.85,6.91,0.0088
300449,汉邦高科,计算机,计算机软件,2022-08-26,2022-08-29,5.73,5.71,-0.0035
300608,思特奇,计算机,计算机软件,2022-08-25,2022-08-26,8.58,8.41,-0.0198
002494,华斯股份,纺织服装,纺织制造,2022-08-25,2022-08-26,4.71,4.67,-0.0085
600156,华升股份,纺织服装,纺织制造,2022-08-25,2022-08-26,5.1,5.08,-0.0039
002875,安奈儿,纺织服装,品牌服饰,2022-08-25,2022-08-26,8.89,8.59,-0.0337
603099,长白山,消费者服务,旅游及休闲,2022-08-25,2022-08-26,8.58,8.82,0.028
002828,贝肯能源,石油石化,油服工程,2022-08-25,2022-08-26,7.97,8.36,0.0489
300380,安硕信息,计算机,计算机软件,2022-08-24,2022-08-25,15.52,15.62,0.0064
603268,*ST松发,机械,运输设备,2022-08-24,2022-08-25,17.49,17.02,-0.0269
600898,*ST美讯,通信,通信设备,2022-08-24,2022-08-25,6.93,6.65,-0.0404
300877,金春股份,纺织服装,纺织制造,2022-08-24,2022-08-25,16.2,15.81,-0.0241
688109,品茗科技,计算机,计算机软件,2022-08-23,2022-08-24,31.82,34.82,0.0943
002289,*ST宇顺,电子,消费电子,2022-08-22,2022-08-23,8.99,8.97,-0.0022
688118,普元信息,计算机,云服务,2022-08-22,2022-08-23,17.86,18.1,0.0134
688081,兴图新科,国防军工,其他军工Ⅱ,2022-08-22,2022-08-23,21.44,20.73,-0.0331
002861,瀛通通讯,电子,消费电子,2022-08-22,2022-08-23,12.8,12.49,-0.0242
603679,华体科技,家电,照明电工及其他,2022-08-22,2022-08-23,12.26,13.52,0.1028
300844,山水比德,建筑,建筑设计及服务Ⅱ,2022-08-22,2022-08-23,26.77,27.09,0.012
300675,建科院,建筑,建筑设计及服务Ⅱ,2022-08-22,2022-08-23,15.55,15.25,-0.0193
000609,ST中迪,房地产,房地产开发和运营,2022-08-19,2022-08-22,5.4,5.38,-0.0037
600706,曲江文旅,消费者服务,旅游及休闲,2022-08-19,2022-08-22,9.15,9.01,-0.0153
688500,慧辰股份,计算机,计算机软件,2022-08-18,2022-08-19,22.9,23.16,0.0114
603559,ST通脉,通信,通讯工程服务,2022-08-17,2022-08-18,11.9,11.89,-0.0008
300051,琏升科技,传媒,文化娱乐,2022-08-17,2022-08-18,6.07,6.1,0.0049
688681,科汇股份,机械,仪器仪表Ⅱ,2022-08-17,2022-08-18,16.13,16.48,0.0217
300270,中威电子,计算机,计算机设备,2022-08-17,2022-08-18,6.56,6.51,-0.0076
600506,统一股份,石油石化,石油化工,2022-08-15,2022-08-16,10.7,10.89,0.0178
002591,恒大高新,基础化工,其他化学制品Ⅱ,2022-08-11,2022-08-12,7.42,7.25,-0.0229
002858,力盛体育,传媒,文化娱乐,2022-08-11,2022-08-12,10.55,10.69,0.0133
688528,秦川物联,机械,仪器仪表Ⅱ,2022-08-08,2022-08-09,10.66,10.77,0.0103
603838,*ST四通,建材,装饰材料,2022-08-05,2022-08-08,5.93,5.93,0.0
300464,星徽股份,商贸零售,电商及服务Ⅱ,2022-08-01,2022-08-02,6.25,6.26,0.0016
600506,统一股份,石油石化,石油化工,2022-07-28,2022-07-29,11.34,11.26,-0.0071
002808,*ST恒久,电子,消费电子,2022-07-15,2022-07-18,7.61,7.41,-0.0263
600543,莫高股份,食品饮料,酒类,2022-06-15,2022-06-16,6.15,6.1,-0.0081
688316,青云科技-U,计算机,云服务,2022-06-08,2022-06-09,37.13,37.51,0.0102
688229,博睿数据,计算机,计算机软件,2022-06-06,2022-06-07,45.0,46.21,0.0269
300220,金运激光,机械,通用设备,2022-05-19,2022-05-20,11.78,11.81,0.0025
000017,深中华A,商贸零售,专营连锁,2022-05-05,2022-05-06,2.75,2.77,0.0073
300163,先锋新材,建材,专用材料Ⅱ,2022-05-05,2022-05-06,3.11,3.1,-0.0032
603679,华体科技,家电,照明电工及其他,2022-05-05,2022-05-06,10.1,9.71,-0.0386
688418,震有科技,通信,通信设备,2022-05-05,2022-05-06,8.44,8.64,0.0237
002992,宝明科技,电子,光学光电,2022-05-05,2022-05-06,10.99,11.11,0.0109
002193,如意集团,纺织服装,纺织制造,2022-05-05,2022-05-06,5.31,5.2,-0.0207
300588,熙菱信息,计算机,计算机软件,2022-05-05,2022-05-06,9.99,9.97,-0.002
603615,茶花股份,轻工制造,家居,2022-05-05,2022-05-06,6.74,6.65,-0.0134
300795,米奥会展,消费者服务,综合服务,2022-05-05,2022-05-06,17.53,17.61,0.0046
603789,*ST星农,机械,专用机械,2022-05-05,2022-05-06,7.29,7.29,0.0
000023,*ST深天,建材,结构材料,2022-05-05,2022-05-06,10.35,9.81,-0.0522
603133,退市碳元,基础化工,其他化学制品Ⅱ,2022-05-05,2022-05-06,7.99,8.03,0.005
002348,高乐股份,轻工制造,文娱轻工Ⅱ,2022-05-05,2022-05-06,1.89,1.89,0.0
300282,三盛退,消费者服务,教育,2022-05-05,2022-05-06,3.13,3.02,-0.0351
688159,有方科技,通信,通信设备,2022-05-05,2022-05-06,15.87,15.62,-0.0158
300537,广信材料,基础化工,其他化学制品Ⅱ,2022-05-05,2022-05-06,10.09,9.98,-0.0109
000678,襄阳轴承,汽车,汽车零部件Ⅱ,2022-05-05,2022-05-06,4.24,4.09,-0.0354
603608,天创时尚,纺织服装,品牌服饰,2022-05-05,2022-05-06,4.36,4.2,-0.0367
002796,世嘉科技,通信,通信设备,2022-05-05,2022-05-06,6.88,6.79,-0.0131
300210,森远股份,机械,专用机械,2022-05-05,2022-05-06,3.2,3.04,-0.05
300731,科创新源,基础化工,橡胶及制品,2022-05-05,2022-05-06,14.62,15.01,0.0267
300209,行云科技,商贸零售,电商及服务Ⅱ,2022-05-05,2022-05-06,4.44,4.51,0.0158
000978,桂林旅游,消费者服务,旅游及休闲,2022-05-05,2022-05-06,5.34,5.21,-0.0243
000695,滨海能源,轻工制造,包装印刷,2022-05-05,2022-05-06,7.69,7.68,-0.0013
603828,ST柯利达,建筑,建筑装修Ⅱ,2022-05-05,2022-05-06,3.2,3.16,-0.0125
300084,海默科技,机械,专用机械,2022-05-05,2022-05-06,4.22,4.1,-0.0284
688081,兴图新科,国防军工,其他军工Ⅱ,2022-05-05,2022-05-06,16.91,17.51,0.0355
300167,ST迪威迅,计算机,计算机软件,2022-05-05,2022-05-06,4.21,4.2,-0.0024
002629,仁智股份,机械,专用机械,2022-04-29,2022-05-05,3.17,3.35,0.0568
002861,瀛通通讯,电子,消费电子,2022-04-29,2022-05-05,10.08,11.08,0.0992
300242,佳云科技,传媒,广告营销,2022-04-29,2022-05-05,2.8,2.97,0.0607
603499,翔港科技,轻工制造,包装印刷,2022-04-29,2022-05-05,6.07,6.31,0.0395
600421,*ST华嵘,机械,通用设备,2022-04-29,2022-05-05,7.66,8.1,0.0574
603536,惠发食品,食品饮料,食品,2022-04-29,2022-05-05,8.37,8.99,0.0741
002855,捷荣技术,电子,消费电子,2022-04-29,2022-05-05,6.62,6.93,0.0468
300270,中威电子,计算机,计算机设备,2022-04-29,2022-05-05,4.51,4.72,0.0466
688229,博睿数据,计算机,计算机软件,2022-04-29,2022-05-05,36.2,36.34,0.0039
688316,青云科技-U,计算机,云服务,2022-04-29,2022-05-05,29.0,30.92,0.0662
600889,南京化纤,基础化工,化学纤维,2022-04-29,2022-05-05,4.02,4.16,0.0348
002808,*ST恒久,电子,消费电子,2022-04-29,2022-05-05,5.7,5.73,0.0053
600213,*ST亚星,汽车,商用车,2022-04-29,2022-05-05,5.81,6.03,0.0379
300169,天晟新材,基础化工,其他化学制品Ⅱ,2022-04-29,2022-05-05,3.95,4.04,0.0228
603958,哈森股份,纺织服装,品牌服饰,2022-04-29,2022-05-05,5.02,5.3,0.0558
300097,智云股份,机械,专用机械,2022-04-29,2022-05-05,4.66,4.93,0.0579
600543,莫高股份,食品饮料,酒类,2022-04-29,2022-05-05,5.1,5.41,0.0608
300175,ST朗源,农林牧渔,农产品加工Ⅱ,2022-04-29,2022-05-05,3.71,3.84,0.035
300262,*ST巴安,电力及公用事业,环保及公用事业,2022-04-29,2022-05-05,2.4,2.54,0.0583
300176,鸿特科技,机械,金属制品Ⅱ,2022-04-29,2022-05-05,4.15,4.34,0.0458
300025,华星创业,通信,通讯工程服务,2022-04-29,2022-05-05,3.19,3.36,0.0533
600156,华升股份,纺织服装,纺织制造,2022-04-29,2022-05-05,3.54,3.74,0.0565
600302,标准股份,机械,专用机械,2022-04-29,2022-05-05,4.2,4.28,0.019
002289,*ST宇顺,电子,消费电子,2022-04-28,2022-04-29,4.71,4.56,-0.0318
300807,天迈科技,计算机,计算机设备,2022-04-28,2022-04-29,17.99,17.87,-0.0067
300462,ST华铭,机械,运输设备,2022-04-28,2022-04-29,8.0,7.92,-0.01
300220,金运激光,机械,通用设备,2022-04-28,2022-04-29,10.69,10.59,-0.0094
000692,惠天热电,电力及公用事业,环保及公用事业,2022-04-28,2022-04-29,3.21,3.16,-0.0156
603099,长白山,消费者服务,旅游及休闲,2022-04-28,2022-04-29,7.27,7.16,-0.0151
300538,同益股份,基础化工,塑料及制品,2022-04-27,2022-04-28,10.4,10.59,0.0183
003007,直真科技,计算机,云服务,2022-04-27,2022-04-28,17.18,18.93,0.1019
002629,仁智股份,机械,专用机械,2022-04-27,2022-04-28,3.0,3.22,0.0733
603389,*ST亚振,轻工制造,家居,2022-04-27,2022-04-28,4.22,4.2,-0.0047
300464,星徽股份,商贸零售,电商及服务Ⅱ,2022-04-27,2022-04-28,5.13,5.25,0.0234
300565,科信技术,通信,通信设备,2022-04-27,2022-04-28,6.92,7.25,0.0477
300076,GQY视讯,计算机,计算机设备,2022-04-26,2022-04-27,4.02,3.89,-0.0323
300554,三超新材,电力设备及新能源,电源设备,2022-04-26,2022-04-27,12.68,12.0,-0.0536
600156,华升股份,纺织服装,纺织制造,2022-04-22,2022-04-25,4.6,4.65,0.0109
300449,汉邦高科,计算机,计算机软件,2022-04-21,2022-04-22,5.5,5.26,-0.0436
600847,万里股份,电力设备及新能源,电源设备,2022-04-21,2022-04-22,15.19,14.2,-0.0652
603536,惠发食品,食品饮料,食品,2022-04-21,2022-04-22,12.68,12.6,-0.0063
002875,安奈儿,纺织服装,品牌服饰,2022-04-20,2022-04-21,8.7,8.6,-0.0115
002209,达 意 隆,机械,专用机械,2022-04-18,2022-04-19,6.7,6.85,0.0224
002868,*ST绿康,农林牧渔,畜牧业,2022-04-18,2022-04-19,12.01,12.47,0.0383
000610,西安旅游,消费者服务,旅游及休闲,2022-04-18,2022-04-19,9.3,9.6,0.0323
002868,*ST绿康,农林牧渔,畜牧业,2022-04-13,2022-04-14,13.03,12.38,-0.0499
300700,岱勒新材,电力设备及新能源,电源设备,2022-04-13,2022-04-14,16.2,16.73,0.0327
002693,*ST双成,医药,化学制药,2022-04-11,2022-04-12,4.83,4.6,-0.0476
002289,*ST宇顺,电子,消费电子,2022-04-11,2022-04-12,5.81,5.69,-0.0207
000702,正虹科技,农林牧渔,畜牧业,2022-04-11,2022-04-12,5.39,5.32,-0.013
600421,*ST华嵘,机械,通用设备,2022-04-01,2022-04-06,10.22,10.01,-0.0205
000978,桂林旅游,消费者服务,旅游及休闲,2022-04-01,2022-04-06,6.51,6.59,0.0123
603099,长白山,消费者服务,旅游及休闲,2022-03-31,2022-04-01,9.19,9.02,-0.0185
300069,金利华电,电力设备及新能源,电气设备,2022-03-23,2022-03-24,20.0,19.81,-0.0095
002629,仁智股份,机械,专用机械,2022-03-22,2022-03-23,3.98,4.28,0.0754
603773,沃格光电,电子,光学光电,2022-03-16,2022-03-17,18.44,19.12,0.0369
000798,中水渔业,农林牧渔,渔业,2022-02-11,2022-02-14,7.32,7.37,0.0068
300013,新宁物流,交通运输,物流,2021-11-01,2021-11-02,3.99,4.01,0.005
300730,科创信息,计算机,计算机软件,2021-11-01,2021-11-02,14.41,14.42,0.0007
300108,*ST吉药,医药,中药生产,2021-11-01,2021-11-02,3.3,3.31,0.003
600213,*ST亚星,汽车,商用车,2021-11-01,2021-11-02,6.81,6.91,0.0147
600243,*ST海华,机械,通用设备,2021-11-01,2021-11-02,4.5,4.57,0.0156
002193,如意集团,纺织服装,纺织制造,2021-11-01,2021-11-02,5.0,5.33,0.066
300555,ST路通,通信,通信设备,2021-11-01,2021-11-02,7.9,7.86,-0.0051
002781,奇信退,建筑,建筑装修Ⅱ,2021-11-01,2021-11-02,5.91,5.97,0.0102
300270,中威电子,计算机,计算机设备,2021-11-01,2021-11-02,6.05,6.1,0.0083
600082,海泰发展,房地产,房地产开发和运营,2021-11-01,2021-11-02,2.72,2.72,0.0
002348,高乐股份,轻工制造,文娱轻工Ⅱ,2021-11-01,2021-11-02,1.95,1.95,0.0
300076,GQY视讯,计算机,计算机设备,2021-11-01,2021-11-02,4.53,4.52,-0.0022
300546,雄帝科技,计算机,计算机软件,2021-11-01,2021-11-02,14.45,14.94,0.0339
300479,神思电子,计算机,计算机设备,2021-11-01,2021-11-02,13.01,13.28,0.0208
000430,ST张家界,消费者服务,旅游及休闲,2021-11-01,2021-11-02,5.06,4.96,-0.0198
300025,华星创业,通信,通讯工程服务,2021-11-01,2021-11-02,3.66,3.71,0.0137
603586,金麒麟,汽车,汽车零部件Ⅱ,2021-11-01,2021-11-02,10.49,10.51,0.0019
300175,ST朗源,农林牧渔,农产品加工Ⅱ,2021-11-01,2021-11-02,4.2,4.39,0.0452
000978,桂林旅游,消费者服务,旅游及休闲,2021-11-01,2021-11-02,4.88,4.84,-0.0082
300807,天迈科技,计算机,计算机设备,2021-11-01,2021-11-02,21.85,22.28,0.0197
603963,*ST大药,医药,中药生产,2021-11-01,2021-11-02,6.82,6.74,-0.0117
603389,*ST亚振,轻工制造,家居,2021-10-29,2021-11-01,4.47,4.67,0.0447
000622,恒立退,综合,综合Ⅱ,2021-10-29,2021-11-01,3.5,3.43,-0.02
002992,宝明科技,电子,光学光电,2021-10-29,2021-11-01,12.1,12.28,0.0149
300333,兆日科技,计算机,计算机设备,2021-10-29,2021-11-01,6.73,6.96,0.0342
300528,幸福蓝海,传媒,文化娱乐,2021-10-29,2021-11-01,5.34,5.39,0.0094
300086,康芝药业,医药,化学制药,2021-10-29,2021-11-01,4.83,4.92,0.0186
002207,准油股份,石油石化,油服工程,2021-10-29,2021-11-01,5.78,5.63,-0.026
300056,中创环保,电力及公用事业,环保及公用事业,2021-10-29,2021-11-01,4.82,4.94,0.0249
603021,ST华鹏,轻工制造,包装印刷,2021-10-29,2021-11-01,4.41,4.49,0.0181
002771,真视通,计算机,计算机设备,2021-10-29,2021-11-01,9.58,9.28,-0.0313
603268,*ST松发,机械,运输设备,2021-10-29,2021-11-01,15.02,15.31,0.0193
603499,翔港科技,轻工制造,包装印刷,2021-10-29,2021-11-01,6.85,7.17,0.0467
002211,ST宏达,基础化工,其他化学制品Ⅱ,2021-10-29,2021-11-01,3.71,3.66,-0.0135
600706,曲江文旅,消费者服务,旅游及休闲,2021-10-29,2021-11-01,6.26,6.15,-0.0176
600421,*ST华嵘,机械,通用设备,2021-10-29,2021-11-01,7.72,8.26,0.0699
002693,*ST双成,医药,化学制药,2021-10-28,2021-10-29,3.89,3.74,-0.0386
002316,亚联发展,综合金融,多领域控股Ⅱ,2021-10-28,2021-10-29,3.61,3.57,-0.0111
003007,直真科技,计算机,云服务,2021-10-28,2021-10-29,16.77,16.78,0.0006
300380,安硕信息,计算机,计算机软件,2021-10-28,2021-10-29,14.83,14.8,-0.002
000668,*ST荣控,房地产,房地产服务,2021-10-28,2021-10-29,13.81,13.85,0.0029
688260,昀冢科技,电子,消费电子,2021-10-28,2021-10-29,15.45,14.79,-0.0427
603356,华菱精工,机械,工程机械Ⅱ,2021-10-28,2021-10-29,13.21,13.48,0.0204
300972,万辰集团,农林牧渔,种植业,2021-10-28,2021-10-29,13.23,12.74,-0.037
300210,森远股份,机械,专用机械,2021-10-28,2021-10-29,3.17,3.12,-0.0158
300591,万里马,纺织服装,品牌服饰,2021-10-28,2021-10-29,5.55,5.76,0.0378
002848,*ST高斯,通信,通信设备,2021-10-28,2021-10-29,7.84,7.74,-0.0128
300282,三盛退,消费者服务,教育,2021-10-28,2021-10-29,3.72,3.71,-0.0027
002370,亚太药业,医药,化学制药,2021-10-28,2021-10-29,4.1,4.12,0.0049
603536,惠发食品,食品饮料,食品,2021-10-28,2021-10-29,8.82,8.84,0.0023
300449,汉邦高科,计算机,计算机软件,2021-10-28,2021-10-29,6.51,6.35,-0.0246
300338,ST开元,消费者服务,教育,2021-10-27,2021-10-28,5.61,5.46,-0.0267
300084,海默科技,机械,专用机械,2021-10-27,2021-10-28,6.02,5.73,-0.0482
000014,沙河股份,房地产,房地产开发和运营,2021-10-27,2021-10-28,6.88,6.76,-0.0174
002417,深南退,通信,通讯工程服务,2021-10-27,2021-10-28,4.33,4.22,-0.0254
300074,华平股份,计算机,计算机设备,2021-10-27,2021-10-28,3.5,3.38,-0.0343
002659,凯文教育,消费者服务,教育,2021-10-27,2021-10-28,3.4,3.35,-0.0147
600520,三佳科技,机械,专用机械,2021-10-27,2021-10-28,7.33,7.12,-0.0286
300700,岱勒新材,电力设备及新能源,电源设备,2021-10-27,2021-10-28,12.24,12.5,0.0212
601798,蓝科高新,机械,专用机械,2021-10-27,2021-10-28,5.39,5.21,-0.0334
300612,宣亚国际,传媒,广告营销,2021-10-27,2021-10-28,13.22,12.68,-0.0408
300167,ST迪威迅,计算机,计算机软件,2021-10-27,2021-10-28,5.56,5.25,-0.0558
000702,正虹科技,农林牧渔,畜牧业,2021-10-27,2021-10-28,4.43,4.23,-0.0451
300150,世纪瑞尔,计算机,计算机软件,2021-10-27,2021-10-28,4.0,3.89,-0.0275
002861,瀛通通讯,电子,消费电子,2021-10-26,2021-10-27,11.43,11.38,-0.0044
000692,惠天热电,电力及公用事业,环保及公用事业,2021-10-26,2021-10-27,3.46,3.35,-0.0318
002856,美芝股份,建筑,建筑装修Ⅱ,2021-10-26,2021-10-27,11.17,10.6,-0.051
002336,人乐退,商贸零售,一般零售,2021-10-26,2021-10-27,4.12,4.13,0.0024
000721,西安饮食,消费者服务,酒店及餐饮,2021-10-26,2021-10-27,3.71,3.68,-0.0081
002513,蓝丰生化,基础化工,农用化工,2021-10-25,2021-10-26,4.63,4.43,-0.0432
300220,金运激光,机械,通用设备,2021-10-25,2021-10-26,13.04,13.17,0.01
000619,海螺新材,建材,装饰材料,2021-10-22,2021-10-25,5.07,4.95,-0.0237
603559,ST通脉,通信,通讯工程服务,2021-10-21,2021-10-22,11.67,11.35,-0.0274
000610,西安旅游,消费者服务,旅游及休闲,2021-10-21,2021-10-22,8.0,7.88,-0.015
688118,普元信息,计算机,云服务,2021-10-21,2021-10-22,23.4,23.22,-0.0077
603133,退市碳元,基础化工,其他化学制品Ⅱ,2021-10-14,2021-10-15,10.01,11.74,0.1728
300209,行云科技,商贸零售,电商及服务Ⅱ,2021-09-17,2021-09-22,5.41,5.21,-0.037
002693,*ST双成,医药,化学制药,2021-09-01,2021-09-02,4.15,4.16,0.0024
002486,嘉麟杰,纺织服装,纺织制造,2021-09-01,2021-09-02,2.59,2.61,0.0077
603803,瑞斯康达,通信,通信设备,2021-09-01,2021-09-02,5.96,5.97,0.0017
002316,亚联发展,综合金融,多领域控股Ⅱ,2021-09-01,2021-09-02,4.39,4.39,0.0
000430,ST张家界,消费者服务,旅游及休闲,2021-09-01,2021-09-02,6.04,6.21,0.0281
002857,三晖电气,机械,仪器仪表Ⅱ,2021-09-01,2021-09-02,14.4,14.3,-0.0069
002816,*ST和科,机械,专用机械,2021-09-01,2021-09-02,18.96,19.55,0.0311
600322,津投城开,房地产,房地产开发和运营,2021-09-01,2021-09-02,1.81,1.83,0.011
600082,海泰发展,房地产,房地产开发和运营,2021-09-01,2021-09-02,2.79,2.75,-0.0143
603860,中公高科,建筑,建筑施工,2021-09-01,2021-09-02,20.18,20.29,0.0055
603559,ST通脉,通信,通讯工程服务,2021-08-31,2021-09-01,12.43,12.84,0.033
300108,*ST吉药,医药,中药生产,2021-08-31,2021-09-01,3.75,3.76,0.0027
002207,准油股份,石油石化,油服工程,2021-08-31,2021-09-01,5.87,5.94,0.0119
300546,雄帝科技,计算机,计算机软件,2021-08-31,2021-09-01,15.91,15.7,-0.0132
688159,有方科技,通信,通信设备,2021-08-31,2021-09-01,25.57,24.87,-0.0274
002848,*ST高斯,通信,通信设备,2021-08-31,2021-09-01,8.73,8.79,0.0069
300025,华星创业,通信,通讯工程服务,2021-08-31,2021-09-01,4.21,4.21,0.0
300807,天迈科技,计算机,计算机设备,2021-08-31,2021-09-01,24.32,23.74,-0.0238
300609,汇纳科技,计算机,计算机软件,2021-08-30,2021-08-31,14.16,14.2,0.0028
000668,*ST荣控,房地产,房地产服务,2021-08-30,2021-08-31,15.35,14.98,-0.0241
002336,人乐退,商贸零售,一般零售,2021-08-30,2021-08-31,4.35,4.28,-0.0161
300528,幸福蓝海,传媒,文化娱乐,2021-08-30,2021-08-31,5.67,5.52,-0.0265
000014,沙河股份,房地产,房地产开发和运营,2021-08-30,2021-08-31,6.93,6.96,0.0043
300407,凯发电气,电力设备及新能源,电气设备,2021-08-30,2021-08-31,8.2,8.22,0.0024
002211,ST宏达,基础化工,其他化学制品Ⅱ,2021-08-30,2021-08-31,4.44,4.31,-0.0293
002696,百洋股份,农林牧渔,畜牧业,2021-08-30,2021-08-31,4.69,4.75,0.0128
300469,信息发展,计算机,计算机软件,2021-08-30,2021-08-31,11.0,10.85,-0.0136
300700,岱勒新材,电力设备及新能源,电源设备,2021-08-30,2021-08-31,15.16,15.58,0.0277
300645,正元智慧,计算机,计算机设备,2021-08-30,2021-08-31,19.22,19.18,-0.0021
000702,正虹科技,农林牧渔,畜牧业,2021-08-30,2021-08-31,4.53,4.51,-0.0044
300084,海默科技,机械,专用机械,2021-08-30,2021-08-31,5.21,5.18,-0.0058
002694,顾地科技,基础化工,塑料及制品,2021-08-27,2021-08-30,3.03,3.17,0.0462
000622,恒立退,综合,综合Ⅱ,2021-08-27,2021-08-30,3.49,3.45,-0.0115
002178,延华智能,建筑,建筑施工,2021-08-27,2021-08-30,3.52,3.48,-0.0114
002659,凯文教育,消费者服务,教育,2021-08-27,2021-08-30,3.58,3.58,0.0
600706,曲江文旅,消费者服务,旅游及休闲,2021-08-27,2021-08-30,7.01,6.91,-0.0143
603356,华菱精工,机械,工程机械Ⅱ,2021-08-27,2021-08-30,10.26,10.25,-0.001
300282,三盛退,消费者服务,教育,2021-08-26,2021-08-27,4.43,4.41,-0.0045
000695,滨海能源,轻工制造,包装印刷,2021-08-26,2021-08-27,9.49,9.12,-0.039
603389,*ST亚振,轻工制造,家居,2021-08-26,2021-08-27,5.05,5.32,0.0535
601798,蓝科高新,机械,专用机械,2021-08-26,2021-08-27,5.83,5.78,-0.0086
003007,直真科技,计算机,云服务,2021-08-26,2021-08-27,18.42,17.82,-0.0326
000721,西安饮食,消费者服务,酒店及餐饮,2021-08-26,2021-08-27,4.06,4.16,0.0246
002417,深南退,通信,通讯工程服务,2021-08-26,2021-08-27,4.96,4.88,-0.0161
600243,*ST海华,机械,通用设备,2021-08-25,2021-08-26,4.5,4.24,-0.0578
300338,ST开元,消费者服务,教育,2021-08-25,2021-08-26,5.8,6.58,0.1345
600768,宁波富邦,有色金属,工业金属,2021-08-25,2021-08-26,9.42,9.55,0.0138
000619,海螺新材,建材,装饰材料,2021-08-23,2021-08-24,5.12,5.08,-0.0078
603099,长白山,消费者服务,旅游及休闲,2021-08-23,2021-08-24,9.0,9.11,0.0122
300612,宣亚国际,传媒,广告营销,2021-08-23,2021-08-24,14.4,14.68,0.0194
603268,*ST松发,机械,运输设备,2021-08-20,2021-08-23,15.91,15.64,-0.017
688118,普元信息,计算机,云服务,2021-08-20,2021-08-23,23.32,23.0,-0.0137
002771,真视通,计算机,计算机设备,2021-08-19,2021-08-20,10.84,11.0,0.0148
600520,三佳科技,机械,专用机械,2021-08-19,2021-08-20,8.33,8.2,-0.0156
600192,长城电工,电力设备及新能源,电气设备,2021-08-13,2021-08-16,4.83,5.04,0.0435
300449,汉邦高科,计算机,计算机软件,2021-08-12,2021-08-13,7.76,7.91,0.0193
600476,湘邮科技,计算机,计算机软件,2021-08-09,2021-08-10,10.48,10.33,-0.0143
300074,华平股份,计算机,计算机设备,2021-08-06,2021-08-09,4.33,4.24,-0.0208
600749,西藏旅游,消费者服务,旅游及休闲,2021-08-06,2021-08-09,9.79,9.44,-0.0358
603559,ST通脉,通信,通讯工程服务,2021-05-10,2021-05-11,11.49,11.47,-0.0017
600355,*ST精伦,通信,通信设备,2021-05-06,2021-05-07,2.21,2.25,0.0181
000711,ST京蓝,电力及公用事业,环保及公用事业,2021-05-06,2021-05-07,2.23,2.3,0.0314
603929,亚翔集成,建筑,建筑施工,2021-05-06,2021-05-07,9.55,9.53,-0.0021
600322,津投城开,房地产,房地产开发和运营,2021-05-06,2021-05-07,1.91,1.95,0.0209
002806,华锋股份,汽车,汽车零部件Ⅱ,2021-05-06,2021-05-07,10.23,11.89,0.1623
300167,ST迪威迅,计算机,计算机软件,2021-05-06,2021-05-07,3.98,3.94,-0.0101
002779,中坚科技,机械,专用机械,2021-05-06,2021-05-07,10.44,11.37,0.0891
002178,延华智能,建筑,建筑施工,2021-05-06,2021-05-07,3.09,3.11,0.0065
000695,滨海能源,轻工制造,包装印刷,2021-05-06,2021-05-07,5.36,5.55,0.0354
002622,皓宸医疗,医药,其他医药医疗,2021-05-06,2021-05-07,2.15,2.15,0.0
002694,顾地科技,基础化工,塑料及制品,2021-05-06,2021-05-07,2.33,2.37,0.0172
300220,金运激光,机械,通用设备,2021-04-30,2021-05-06,11.29,10.73,-0.0496
002289,*ST宇顺,电子,消费电子,2021-04-30,2021-05-06,7.81,7.6,-0.0269
300478,杭州高新,基础化工,塑料及制品,2021-04-30,2021-05-06,8.49,8.15,-0.04
300469,信息发展,计算机,计算机软件,2021-04-30,2021-05-06,10.24,10.13,-0.0107
600791,京能置业,房地产,房地产开发和运营,2021-04-30,2021-05-06,3.5,3.47,-0.0086
000506,招金黄金,有色金属,贵金属,2021-04-30,2021-05-06,2.08,2.09,0.0048
300084,海默科技,机械,专用机械,2021-04-30,2021-05-06,3.9,3.86,-0.0103
300282,三盛退,消费者服务,教育,2021-04-30,2021-05-06,4.05,3.96,-0.0222
300336,新文退,传媒,媒体,2021-04-30,2021-05-06,2.52,2.52,0.0
600561,江西长运,交通运输,公路铁路,2021-04-30,2021-05-06,4.21,4.13,-0.019
002693,*ST双成,医药,化学制药,2021-04-30,2021-05-06,4.36,4.52,0.0367
688159,有方科技,通信,通信设备,2021-04-30,2021-05-06,20.6,19.93,-0.0325
300262,*ST巴安,电力及公用事业,环保及公用事业,2021-04-30,2021-05-06,3.25,3.25,0.0
603602,纵横通信,通信,通讯工程服务,2021-04-30,2021-05-06,10.28,10.11,-0.0165
603559,ST通脉,通信,通讯工程服务,2021-04-30,2021-05-06,11.64,11.4,-0.0206
002265,建设工业,国防军工,兵器兵装Ⅱ,2021-04-30,2021-05-06,6.57,6.48,-0.0137
300139,晓程科技,有色金属,贵金属,2021-04-30,2021-05-06,7.75,7.73,-0.0026
000856,冀东装备,机械,专用机械,2021-04-30,2021-05-06,6.67,6.3,-0.0555
300609,汇纳科技,计算机,计算机软件,2021-04-29,2021-04-30,13.85,14.1,0.0181
002316,亚联发展,综合金融,多领域控股Ⅱ,2021-04-29,2021-04-30,3.91,4.04,0.0332
603133,退市碳元,基础化工,其他化学制品Ⅱ,2021-04-29,2021-04-30,9.72,9.61,-0.0113
300108,*ST吉药,医药,中药生产,2021-04-29,2021-04-30,2.86,2.91,0.0175
000668,*ST荣控,房地产,房地产服务,2021-04-29,2021-04-30,14.86,15.06,0.0135
300153,科泰电源,电力设备及新能源,电源设备,2021-04-29,2021-04-30,5.5,6.97,0.2673
300356,光一退,电力设备及新能源,电气设备,2021-04-29,2021-04-30,4.2,4.1,-0.0238
300546,雄帝科技,计算机,计算机软件,2021-04-29,2021-04-30,12.6,12.88,0.0222
002781,奇信退,建筑,建筑装修Ⅱ,2021-04-29,2021-04-30,7.18,7.18,0.0
300025,华星创业,通信,通讯工程服务,2021-04-29,2021-04-30,3.37,3.38,0.003
300268,*ST佳沃,农林牧渔,农产品加工Ⅱ,2021-04-29,2021-04-30,9.81,10.12,0.0316
600543,莫高股份,食品饮料,酒类,2021-04-29,2021-04-30,7.12,6.91,-0.0295
002337,赛象科技,机械,专用机械,2021-04-29,2021-04-30,2.86,2.93,0.0245
600706,曲江文旅,消费者服务,旅游及休闲,2021-04-29,2021-04-30,7.13,6.97,-0.0224
300333,兆日科技,计算机,计算机设备,2021-04-29,2021-04-30,6.68,6.73,0.0075
300270,中威电子,计算机,计算机设备,2021-04-28,2021-04-29,4.74,4.7,-0.0084
300135,宝利国际,石油石化,石油化工,2021-04-28,2021-04-29,2.2,2.17,-0.0136
603099,长白山,消费者服务,旅游及休闲,2021-04-28,2021-04-29,8.31,8.4,0.0108
002207,准油股份,石油石化,油服工程,2021-04-28,2021-04-29,5.32,5.33,0.0019
300405,科隆股份,基础化工,化学原料,2021-04-28,2021-04-29,6.79,6.85,0.0088
688159,有方科技,通信,通信设备,2021-04-28,2021-04-29,21.06,20.65,-0.0195
300301,ST长方,电子,光学光电,2021-04-28,2021-04-29,2.88,2.9,0.0069
002494,华斯股份,纺织服装,纺织制造,2021-04-28,2021-04-29,3.56,3.52,-0.0112
000711,ST京蓝,电力及公用事业,环保及公用事业,2021-04-28,2021-04-29,2.26,2.28,0.0088
600192,长城电工,电力设备及新能源,电气设备,2021-04-28,2021-04-29,3.95,3.92,-0.0076
002848,*ST高斯,通信,通信设备,2021-04-28,2021-04-29,9.04,9.25,0.0232
300745,欣锐科技,电力设备及新能源,新能源动力系统,2021-04-28,2021-04-29,19.66,18.9,-0.0387
300309,吉艾退,综合金融,多领域控股Ⅱ,2021-04-27,2021-04-28,2.19,2.2,0.0046
300150,世纪瑞尔,计算机,计算机软件,2021-04-26,2021-04-27,3.84,3.74,-0.026
300220,金运激光,机械,通用设备,2021-04-26,2021-04-27,11.96,11.7,-0.0217
002816,*ST和科,机械,专用机械,2021-04-23,2021-04-26,23.94,24.05,0.0046
002178,延华智能,建筑,建筑施工,2021-04-23,2021-04-26,3.29,3.29,0.0
002633,申科股份,机械,通用设备,2021-04-22,2021-04-23,6.8,6.89,0.0132
002693,*ST双成,医药,化学制药,2021-04-22,2021-04-23,4.31,4.36,0.0116
600778,友好集团,商贸零售,一般零售,2021-04-22,2021-04-23,3.56,3.6,0.0112
300282,三盛退,消费者服务,教育,2021-04-22,2021-04-23,4.38,4.28,-0.0228
600689,上海三毛,纺织服装,纺织制造,2021-04-22,2021-04-23,7.04,7.03,-0.0014
300583,赛托生物,医药,生物医药Ⅱ,2021-04-21,2021-04-22,20.33,21.38,0.0516
603168,莎普爱思,医药,化学制药,2021-04-21,2021-04-22,6.88,6.98,0.0145
300141,和顺电气,电力设备及新能源,电气设备,2021-04-20,2021-04-21,8.39,8.15,-0.0286
600213,*ST亚星,汽车,商用车,2021-04-19,2021-04-20,7.44,7.1,-0.0457
600630,龙头股份,纺织服装,纺织制造,2021-04-16,2021-04-19,5.03,5.13,0.0199
600355,*ST精伦,通信,通信设备,2021-04-16,2021-04-19,2.24,2.37,0.058
000573,粤宏远Ａ,房地产,房地产开发和运营,2021-04-15,2021-04-16,2.76,2.85,0.0326
603838,*ST四通,建材,装饰材料,2021-04-15,2021-04-16,6.09,5.72,-0.0608
000638,*ST万方,综合,综合Ⅱ,2021-04-15,2021-04-16,4.73,4.7,-0.0063
300528,幸福蓝海,传媒,文化娱乐,2021-04-09,2021-04-12,6.1,6.13,0.0049
603717,天域生物,建筑,建筑施工,2021-04-07,2021-04-08,9.3,9.7,0.043
002265,建设工业,国防军工,兵器兵装Ⅱ,2021-04-01,2021-04-02,6.7,6.88,0.0269
300592,华凯易佰,建筑,建筑装修Ⅱ,2021-04-01,2021-04-02,18.16,18.74,0.0319
603929,亚翔集成,建筑,建筑施工,2021-04-01,2021-04-02,10.43,10.42,-0.001
603029,天鹅股份,机械,专用机械,2021-04-01,2021-04-02,12.5,12.53,0.0024
603099,长白山,消费者服务,旅游及休闲,2021-03-26,2021-03-29,8.5,8.63,0.0153
000856,冀东装备,机械,专用机械,2021-03-24,2021-03-25,7.22,7.22,0.0
002231,*ST奥维,通信,通讯工程服务,2021-03-19,2021-03-22,4.7,5.0,0.0638
300025,华星创业,通信,通讯工程服务,2021-02-10,2021-02-18,3.09,3.18,0.0291
000782,恒申新材,基础化工,化学纤维,2021-01-20,2021-01-21,3.04,3.01,-0.0099
